Price,Close,High,Low,Open,Volume
Ticker,^GSPC,^GSPC,^GSPC,^GSPC,^GSPC
Date,,,,,
2025/1/2,5868.549805,5935.089844,5829.529785,5903.259766,3621680000
2025/1/3,5942.470215,5949.339844,5888.660156,5891.069824,3667340000
2025/1/6,5975.379883,6021.040039,5960.009766,5982.810059,4940120000
2025/1/7,5909.029785,6000.680176,5890.680176,5993.259766,4517330000
2025/1/8,5918.25,5927.890137,5874.779785,5910.660156,4441740000
2025/1/10,5827.040039,5890.350098,5807.779785,5890.350098,4751930000
2025/1/13,5836.220215,5838.609863,5773.310059,5782.02002,4421200000
2025/1/14,5842.910156,5871.919922,5805.419922,5859.27002,4142280000
2025/1/15,5949.910156,5960.609863,5905.209961,5905.209961,4544570000
2025/1/16,5937.339844,5964.689941,5930.720215,5963.609863,4285810000
2025/1/17,5996.660156,6014.959961,5978.439941,5995.399902,4366830000
2025/1/21,6049.240234,6051.509766,6006.879883,6014.120117,4702920000
2025/1/22,6086.370117,6100.810059,6076.129883,6081.390137,4323040000
2025/1/23,6118.709961,6118.72998,6074.669922,6076.319824,4432250000
2025/1/24,6101.240234,6128.180176,6088.740234,6121.430176,4214250000
2025/1/27,6012.279785,6017.169922,5962.919922,5969.040039,5198750000
2025/1/28,6067.700195,6074.540039,5994.629883,6026.970215,4473640000
2025/1/29,6039.310059,6062.830078,6012.959961,6057.700195,4115310000
2025/1/30,6071.169922,6086.640137,6027.459961,6050.75,4634620000
2025/1/31,6040.529785,6120.910156,6030.930176,6096.790039,4843770000
2025/2/3,5994.569824,6022.129883,5923.930176,5969.649902,4797210000
2025/2/4,6037.879883,6042.47998,5990.870117,5998.140137,4410160000
2025/2/5,6061.47998,6062.859863,6007.060059,6020.450195,4756250000
2025/2/6,6083.569824,6084.029785,6046.830078,6072.220215,4847120000
2025/2/7,6025.990234,6101.279785,6019.959961,6083.129883,4766900000
2025/2/10,6066.439941,6073.379883,6044.839844,6046.399902,4458760000
2025/2/11,6068.5,6076.279785,6042.339844,6049.319824,4324880000
2025/2/12,6051.970215,6063,6003,6025.080078,4627960000
2025/2/13,6115.069824,6116.910156,6050.950195,6060.589844,4763800000
2025/2/14,6114.629883,6127.470215,6107.620117,6115.52002,4335190000
2025/2/18,6129.580078,6129.629883,6099.509766,6121.600098,4684980000
2025/2/19,6144.149902,6147.430176,6111.149902,6117.759766,4562330000
2025/2/20,6117.52002,6134.5,6084.589844,6134.5,4813690000
2025/2/21,6013.129883,6114.819824,6008.560059,6114.100098,5434560000
2025/2/24,5983.25,6043.649902,5977.830078,6026.689941,4990120000
2025/2/25,5955.25,5992.649902,5908.490234,5982.72998,5374690000
2025/2/26,5956.060059,6009.819824,5932.689941,5970.870117,4869580000
2025/2/27,5861.569824,5993.689941,5858.779785,5981.879883,5057680000
2025/2/28,5954.5,5959.399902,5837.660156,5856.740234,6441140000
2025/3/3,5849.720215,5986.089844,5810.910156,5968.330078,5613850000
2025/3/4,5778.149902,5865.080078,5732.589844,5811.97998,6138110000
2025/3/5,5842.629883,5860.589844,5742.350098,5781.359863,5285970000
2025/3/6,5738.52002,5812.080078,5711.640137,5785.870117,5165080000
2025/3/7,5770.200195,5783.009766,5666.290039,5726.009766,5705140000
2025/3/10,5614.560059,5705.370117,5564.02002,5705.370117,6409370000
2025/3/11,5572.069824,5636.299805,5528.410156,5603.649902,6221240000
2025/3/12,5599.299805,5642.189941,5546.089844,5624.839844,5219830000
2025/3/13,5521.52002,5597.779785,5504.649902,5594.450195,5018980000
2025/3/14,5638.939941,5645.27002,5563.850098,5563.850098,4863180000
2025/3/17,5675.120117,5703.52002,5631.120117,5635.600098,5031770000
2025/3/18,5614.660156,5654.529785,5597.759766,5654.529785,4666270000
2025/3/19,5675.290039,5715.330078,5622.200195,5632.370117,4660090000
2025/3/20,5662.890137,5711.149902,5632.330078,5646.919922,4678420000
2025/3/21,5667.560059,5670.839844,5603.100098,5630.72998,9367460000
2025/3/24,5767.569824,5775.140137,5718.080078,5718.080078,4517990000
2025/3/25,5776.649902,5786.950195,5760.419922,5775.959961,4467340000
2025/3/26,5712.200195,5783.620117,5694.410156,5771.660156,4183140000
2025/3/27,5693.310059,5732.279785,5670.939941,5695.640137,4403460000
2025/3/28,5580.939941,5685.890137,5572.419922,5679.200195,4513330000
2025/3/31,5611.850098,5627.560059,5488.72998,5527.910156,5257250000
2025/4/1,5633.069824,5650.569824,5558.52002,5597.529785,4434500000
2025/4/2,5670.970215,5695.310059,5571.47998,5580.759766,4243830000
2025/4/3,5396.52002,5499.529785,5390.830078,5492.740234,7210470000
2025/4/4,5074.080078,5292.140137,5069.899902,5292.140137,8853500000
2025/4/7,5062.25,5246.569824,4835.040039,4953.790039,8691980000
2025/4/8,4982.77002,5267.470215,4910.419922,5193.569824,7408140000
2025/4/9,5456.899902,5481.339844,4948.430176,4965.279785,9489600000
2025/4/10,5268.049805,5353.149902,5115.27002,5353.149902,6677140000
2025/4/11,5363.359863,5381.459961,5220.77002,5255.560059,5602550000
2025/4/14,5405.970215,5459.459961,5358.02002,5441.959961,5031440000
2025/4/15,5396.629883,5450.410156,5386.439941,5411.990234,4317110000
2025/4/16,5275.700195,5367.240234,5220.790039,5335.75,4607750000
2025/4/17,5282.700195,5328.310059,5255.580078,5305.450195,4714880000
2025/4/21,5158.200195,5232.939941,5101.629883,5232.939941,4226340000
2025/4/22,5287.759766,5309.609863,5207.669922,5207.669922,4666950000
2025/4/23,5375.859863,5469.689941,5356.169922,5395.919922,5371390000
2025/4/24,5484.77002,5489.399902,5371.959961,5381.379883,4697710000
2025/4/25,5525.209961,5528.109863,5455.859863,5489.72998,4236580000
2025/4/28,5528.75,5553.660156,5468.640137,5529.220215,4257880000
2025/4/29,5560.830078,5571.950195,5505.700195,5508.870117,4747150000
2025/4/30,5569.060059,5581.839844,5433.240234,5499.439941,5449490000
2025/5/1,5604.140137,5658.910156,5597.350098,5625.140137,4935270000
2025/5/2,5686.669922,5700.700195,5642.279785,5645.879883,4854380000
2025/5/5,5650.379883,5683.379883,5634.47998,5655.319824,4358260000
2025/5/6,5606.910156,5649.580078,5586.040039,5605.870117,4717260000
2025/5/7,5631.279785,5654.72998,5578.640137,5614.180176,4987440000
2025/5/8,5663.939941,5720.100098,5635.379883,5663.600098,5627400000
2025/5/9,5659.910156,5691.689941,5644.149902,5679.649902,4645090000
2025/5/12,5844.189941,5845.370117,5786.080078,5807.200195,6014580000
2025/5/13,5886.549805,5906.640137,5845.02002,5854.149902,5516290000
2025/5/14,5892.580078,5906.549805,5872.109863,5896.740234,5233450000
2025/5/15,5916.930176,5924.209961,5865.160156,5869.819824,4991290000
2025/5/16,5958.379883,5958.620117,5907.359863,5929.089844,4850850000
2025/5/19,5963.600098,5968.609863,5895.689941,5902.879883,4144010000
2025/5/20,5940.459961,5953.060059,5909.259766,5944.660156,4416850000
2025/5/21,5844.609863,5938.370117,5830.910156,5910.180176,5254250000
2025/5/22,5842.009766,5878.080078,5825.819824,5841.259766,5157050000
2025/5/23,5802.819824,5829.509766,5767.410156,5781.890137,4662820000
2025/5/27,5921.540039,5924.330078,5854.069824,5854.069824,5366380000
2025/5/28,5888.549805,5939.919922,5881.879883,5925.540039,4665050000
2025/5/29,5912.169922,5943.129883,5873.799805,5939.959961,4569750000
2025/5/30,5911.689941,5922.140137,5843.660156,5903.669922,6378540000
2025/6/2,5935.939941,5937.399902,5861.430176,5896.680176,4832240000
2025/6/3,5970.370117,5981.350098,5929,5938.560059,5026680000
2025/6/4,5970.810059,5990.47998,5966.109863,5978.939941,4767050000
2025/6/5,5939.299805,5999.700195,5921.200195,5985.669922,5091850000
2025/6/6,6000.359863,6016.870117,5978.629883,5987.060059,4355710000
2025/6/9,6005.879883,6021.310059,5994.180176,6004.629883,4642360000
2025/6/10,6038.810059,6043.009766,6000.279785,6009.910156,4882880000
2025/6/11,6022.240234,6059.399902,6002.319824,6049.379883,5111550000
2025/6/12,6045.259766,6045.430176,6003.879883,6009.899902,4669500000
2025/6/13,5976.970215,6026.160156,5963.209961,6000.560059,5258910000
2025/6/16,6033.109863,6050.830078,6004,6004,5111710000
2025/6/17,5982.720215,6023.25,5974.799805,6012.149902,4955700000
2025/6/18,5980.870117,6018.25,5971.890137,5987.930176,5106470000
2025/6/20,5967.839844,6018.200195,5952.560059,5999.669922,7451500000
2025/6/23,6025.169922,6028.77002,5943.22998,5969.669922,5597000000
2025/6/24,6092.180176,6101.759766,6059.25,6061.209961,5443690000
2025/6/25,6092.160156,6108.509766,6080.089844,6104.22998,5171110000
2025/6/26,6141.02002,6146.52002,6107.27002,6112.089844,5308140000
2025/6/27,6173.069824,6187.680176,6132.350098,6150.700195,7889350000
2025/6/30,6204.950195,6215.080078,6174.970215,6193.359863,5782900000
2025/7/1,6198.009766,6210.779785,6177.970215,6187.25,6275310000
2025/7/2,6227.419922,6227.600098,6188.290039,6193.879883,5645710000
2025/7/3,6279.350098,6284.649902,6246.459961,6246.459961,3378110000
2025/7/7,6229.97998,6262.069824,6201,6259.040039,5236740000
2025/7/8,6225.52002,6242.700195,6217.75,6234.029785,5739030000
2025/7/9,6263.259766,6269.160156,6231.430176,6243.330078,4813340000
2025/7/10,6280.459961,6290.220215,6251.439941,6266.799805,5367350000
2025/7/11,6259.75,6269.439941,6237.600098,6255.680176,4656210000
2025/7/14,6268.560059,6273.310059,6239.220215,6255.149902,4722250000
2025/7/15,6243.759766,6302.040039,6241.680176,6295.290039,5133670000
2025/7/16,6263.700195,6268.120117,6201.589844,6254.5,5177460000
2025/7/17,6297.359863,6304.689941,6262.27002,6263.399902,5512290000
2025/7/18,6296.790039,6315.609863,6285.27002,6312.950195,5184700000
2025/7/21,6305.600098,6336.080078,6303.790039,6304.740234,5010840000
2025/7/22,6309.620117,6316.120117,6281.709961,6306.600098,5662040000
2025/7/23,6358.910156,6360.640137,6317.490234,6326.899902,5642510000
2025/7/24,6363.350098,6381.310059,6360.569824,6368.600098,5282720000
2025/7/25,6388.640137,6395.819824,6368.529785,6370.009766,4470720000
2025/7/28,6389.77002,6401.069824,6375.790039,6397.689941,4565620000
2025/7/29,6370.859863,6409.259766,6363.919922,6405.620117,5076120000
2025/7/30,6362.899902,6396.540039,6336.379883,6381.22998,5375070000
2025/7/31,6339.390137,6427.02002,6327.640137,6427.02002,6077080000
2025/8/1,6238.009766,6287.279785,6212.689941,6287.279785,5827150000
2025/8/4,6329.939941,6330.689941,6271.709961,6271.709961,4842580000
2025/8/5,6299.189941,6346,6289.370117,6336.629883,5517410000
2025/8/6,6345.060059,6352.830078,6301.109863,6309.299805,5408560000
2025/8/7,6340,6389.709961,6310.319824,6374.319824,5306090000
2025/8/8,6389.450195,6395.160156,6355.220215,6355.220215,4769910000
2025/8/11,6373.450195,6407.25,6364.060059,6389.669922,4652400000
2025/8/12,6445.759766,6446.549805,6385.759766,6395.169922,5135300000
2025/8/13,6466.580078,6480.279785,6445.02002,6462.669922,5195950000
2025/8/14,6468.540039,6473.919922,6441.069824,6453.459961,4462050000
2025/8/15,6449.799805,6481.339844,6441.850098,6477.379883,4575060000
2025/8/18,6449.149902,6455.350098,6437.700195,6445.02002,4162290000
2025/8/19,6411.370117,6456.47998,6400.220215,6446.240234,4377440000
2025/8/20,6395.779785,6408.399902,6343.859863,6406.620117,4470390000
2025/8/21,6370.169922,6393.649902,6352.709961,6380.830078,4013560000
2025/8/22,6466.910156,6478.890137,6384.589844,6384.589844,5046860000
2025/8/25,6439.319824,6466.890137,6438.060059,6457.669922,4059070000
2025/8/26,6465.939941,6468.370117,6429.209961,6435.490234,4867680000
2025/8/27,6481.399902,6487.060059,6457.839844,6462.259766,4143680000
2025/8/28,6501.859863,6508.22998,6466.959961,6483.839844,4283760000
2025/8/29,6460.259766,6491.759766,6444.569824,6489.279785,4234840000
2025/9/2,6415.540039,6416.540039,6360.580078,6401.509766,4784000000
2025/9/3,6448.259766,6453.669922,6416.169922,6445.819824,4465360000
2025/9/4,6502.080078,6502.540039,6445.97998,6456.600098,4670770000
2025/9/5,6481.5,6532.649902,6443.97998,6529.080078,5066120000
2025/9/8,6495.149902,6508.669922,6483.290039,6498.089844,5211500000
2025/9/9,6512.609863,6518.22998,6483.080078,6503.330078,4798350000
2025/9/10,6532.040039,6555.970215,6516.339844,6550.290039,5253010000
2025/9/11,6587.470215,6592.890137,6545.799805,6554.410156,5426460000
2025/9/12,6584.290039,6600.209961,6579.490234,6590.660156,4641640000
2025/9/15,6615.279785,6619.620117,6602.069824,6603.490234,5045020000
2025/9/16,6606.759766,6626.990234,6600.109863,6624.129883,5359510000
2025/9/17,6600.350098,6624.390137,6551.149902,6604.870117,5805340000
2025/9/18,6631.959961,6656.799805,6611.890137,6626.850098,5292400000
2025/9/19,6664.359863,6671.819824,6630.310059,6647.109863,9125960000
2025/9/22,6693.75,6698.879883,6648.069824,6654.279785,5642620000
2025/9/23,6656.919922,6699.52002,6645.580078,6692.439941,5633620000
2025/9/24,6637.970215,6672.660156,6621.759766,6669.790039,5459180000
2025/9/25,6604.720215,6619,6569.220215,6608.189941,5874670000
2025/9/26,6643.700195,6648.970215,6604.430176,6615.379883,5103110000
2025/9/29,6661.209961,6677.310059,6644.490234,6661.580078,5358760000
2025/9/30,6688.459961,6691.25,6641,6656.189941,6057210000
2025/10/1,6711.200195,6718.47998,6656.200195,6664.919922,6037950000
2025/10/2,6715.350098,6731.939941,6693.22998,6731.310059,5416130000
2025/10/3,6715.790039,6750.870117,6705.669922,6722.140137,5713110000
2025/10/6,6740.279785,6749.52002,6717.779785,6733.859863,5604460000
2025/10/7,6714.589844,6754.490234,6699.959961,6746.140137,5546150000
2025/10/8,6753.720215,6755.640137,6718.089844,6723.870117,5383130000
2025/10/9,6735.109863,6764.580078,6716.169922,6760.5,5385020000
2025/10/10,6552.509766,6762.399902,6550.779785,6740.490234,6596610000
2025/10/13,6654.720215,6668.680176,6620.709961,6622.529785,5303960000
2025/10/14,6644.310059,6680.700195,6555.069824,6602.490234,5666920000
2025/10/15,6671.060059,6724.120117,6612.109863,6688.27002,5633060000
2025/10/16,6629.069824,6709.339844,6593.990234,6689.02002,6048180000
2025/10/17,6664.009766,6678.879883,6603.759766,6613.27002,5358120000
2025/10/20,6735.129883,6744.350098,6690.049805,6690.049805,4672170000
2025/10/21,6735.350098,6752.160156,6722.029785,6736.75,5245020000
2025/10/22,6699.399902,6741.75,6655.689941,6741.339844,5710010000
2025/10/23,6738.439941,6749.529785,6700.140137,6703.649902,5565750000
2025/10/24,6791.689941,6807.109863,6772.069824,6772.069824,5058220000
2025/10/27,6875.160156,6877.279785,6843.939941,6845.459961,5290650000
2025/10/28,6890.890137,6911.299805,6870.72998,6897.740234,5695930000
2025/10/29,6890.589844,6920.339844,6851.910156,6910.950195,6280130000
2025/10/30,6822.339844,6880.75,6820.689941,6860.5,6052700000
2025/10/31,6840.200195,6879.169922,6814.259766,6879.169922,6398280000
2025/11/3,6851.970215,6882.319824,6820.620117,6882.319824,6065720000
2025/11/4,6771.549805,6820.209961,6766.709961,6788.52002,5739510000
2025/11/5,6796.290039,6829.779785,6763.109863,6769.77002,5939600000
2025/11/6,6720.319824,6796.680176,6707.509766,6787.589844,6051900000
2025/11/7,6728.799805,6730.109863,6631.439941,6696.180176,5926070000
2025/11/10,6832.430176,6841.319824,6770.560059,6785.359863,5366050000
2025/11/11,6846.609863,6855.129883,6806.870117,6815.640137,4983490000
2025/11/12,6850.919922,6869.910156,6829.620117,6867.77002,5293610000
2025/11/13,6737.490234,6828.049805,6724.720215,6826.470215,5473720000
2025/11/14,6734.109863,6774.310059,6646.870117,6672.140137,5042660000
2025/11/17,6672.410156,6754.5,6638.899902,6713.609863,5204220000
2025/11/18,6617.319824,6666.629883,6574.319824,6641.189941,5159390000
2025/11/19,6642.160156,6689.75,6603.5,6625.839844,5021610000
2025/11/20,6538.759766,6770.350098,6534.049805,6737.930176,5596080000
2025/11/21,6602.990234,6660.049805,6521.919922,6555.77002,5929930000
2025/11/24,6705.120117,6715.75,6630.700195,6636.540039,6039740000
2025/11/25,6765.879883,6776.399902,6659.97998,6697.029785,5003330000
2025/11/26,6812.609863,6831.439941,6783.870117,6793.549805,4485000000
2025/11/28,6849.089844,6850.859863,6819.75,6822.52002,2558540000
2025/12/1,6812.629883,6843.649902,6799.939941,6812.299805,4549370000
2025/12/2,6829.370117,6851.549805,6806.709961,6830.959961,4582290000
2025/12/3,6849.720215,6862.419922,6810.430176,6815.290039,4736780000
2025/12/4,6857.120117,6866.470215,6827.120117,6866.470215,4872440000
2025/12/5,6870.399902,6895.779785,6858.290039,6866.319824,4944560000
2025/12/8,6846.509766,6878.27002,6827.189941,6875.200195,4757130000
2025/12/9,6840.509766,6864.919922,6837.430176,6840.609863,4508050000
2025/12/10,6886.680176,6900.669922,6824.689941,6833.490234,5526570000
2025/12/11,6901,6903.459961,6833.450195,6861.299805,5021060000
2025/12/12,6827.410156,6899.850098,6801.790039,6886.850098,4910160000
2025/12/15,6816.509766,6861.589844,6801.490234,6860.189941,4975600000
2025/12/16,6800.259766,6819.27002,6759.740234,6800.120117,4983180000
2025/12/17,6721.430176,6812.259766,6720.430176,6802.879883,5122120000
2025/12/18,6774.759766,6816.129883,6758.5,6778.060059,5101190000
2025/12/19,6834.5,6840.02002,6792.620117,6792.620117,8554470000
2025/12/22,6878.490234,6882.029785,6855.740234,6865.209961,4465030000
2025/12/23,6909.790039,6910.879883,6868.810059,6872.410156,3820560000
2025/12/24,6932.049805,6937.319824,6904.910156,6904.910156,1798270000
2025/12/26,6929.939941,6945.77002,6921.600098,6936.02002,2586550000
2025/12/29,6905.740234,6920.209961,6888.759766,6903.600098,3541750000
2025/12/30,6896.240234,6913.25,6893.470215,6900.439941,3309930000
2025/12/31,6845.5,6901.419922,6844.549805,6898.819824,3261830000
