游戏,角色,台词,来源
APEX英雄,班加罗尔,女士们，自动瞄准根本就是天方夜谭。,remote
APEX英雄,NA,我重伤倒地了，但还活着。,remote
Apex 英雄,辛烷,Non terrae plus ultra。,remote
Apex 英雄,寻血猎犬,众神之父赐予我视野。,remote
Apex 英雄,NA,协同出行，完美执行。,remote
Apex 英雄,班加罗尔,神出鬼没，击溃敌人。,remote
Apex 英雄,地平线,谋科学之力，行暴力之事。,remote
Apex 英雄,寻血猎犬,软弱无力时，要坚强。面对恐惧时，要勇敢。凯旋胜利时，要谦逊。,remote
CS:GO,SAS,"Bingo-Bango-Bongo, Bish-Bash-Bosh!",remote
Cry Of Fear,Simon Henriksson,我不是好人，我不是坏人，我只是一个四处流浪的孤独幽灵。,remote
DOTA2,克林克兹,与其感慨路难行，不如马上出发。,remote
EVE Online,战术指挥命令,诱导已亮，前方净空！Fly Safe！,remote+js
EVE名人经典语录,军用馒头,EVE的战争就是一场豪赌，你要坐上这个桌子，那就赌到一方倾家荡产。,remote
GTA5,麦克,你每天忘记的事情有上千件这么多，何不也忘了这件事？,remote+js
Minecraft,NA,他梦见了阳光与树木。梦见了火与水。他梦见他创造。亦梦见他毁灭。,remote
Minecraft,NPC,龙栗~爱慕搜龙栗~龙栗~爱慕搜龙栗~,remote+js
PlanetSide2,瓦努播报员,胜利，距我们咫尺之遥！,remote
csgo,NA,lets show them who we are！,remote
上古卷轴：天际,守卫,我以前和你一样也是个冒险家，直到我的膝盖中了一箭,remote+js
主题医院,播音员,请患者不要死在走廊上。,js
仙剑奇侠传,Game Over,胜败乃兵家常事，请大侠重新来过。,remote+js
仙剑奇侠传四,慕容紫英,承君此诺，必守一生。,remote
传说之下,Sans,但是我们一定会逃出去的。说定了。,remote
光环致远星,乔治Noble5,致远星待我不薄，到了我该报恩的时候了。,remote
全境封锁,NA,当世界分崩离析 我们将挺身而出。,remote
冒险岛,NA,回到那个所有的一切是那么新奇，但却充满了期待和希望的时节，回到冒险的起点。,remote
冒险岛,敦凯尔,花瓣正因为会凋零才能够展现它的美丽，而人也是如此。,remote
冰与火之舞,NA,兄弟，该换键盘了.,remote
刺客信条2,Ezio,万物皆虚，万事皆允。,remote
刺客信条2,Ezio,万物皆虚，万事皆允，行于暗夜，侍奉光明。,js
剑网情缘3,张六爷,我年轻的时候，也曾快马加鞭，看尽长安花。,remote
半条命2,NA,醒来吧，弗里曼先生。该醒来了。,remote
半条命2 第二章,Gman,Prepare for unforeseen consequences！,remote
原神,NA,向着星辰与深渊！欢迎来到冒险家协会。,remote
古剑奇谭三,云无月,不生则死，不战则亡。,remote
古剑奇谭三,姬轩辕,为何说是天尊地卑，乾坤已定？再有万年，我人族，苍天可踏！,remote
古剑奇谭三,岑缨,人生百年，吾道不孤。总会有人跟我们一起的。,remote+js
古剑奇谭三,岑缨,人生百年，吾道不孤，相信会有人和我们一起的。,remote
古剑奇谭三,姬轩辕,愿我族人，于此魂梦江海、万古河山之间，星火世传，奋飞不辍。,remote
古剑奇谭三,云无月,我之于人族，和人族之于神魔又有什么不同，难道羸弱便不求强大，微小便永坠尘泥？,remote
古剑奇谭三,姬轩辕,有形之物，终会腐朽。,remote
只狼：影逝二度,苇名一心,犹豫，就会败北！,remote+js
命运2,NA,Guardian Down!,remote
命运2,奥马尔·阿格,我要报仇 这辈子，不是下辈子。,remote
命运2,刘枫,步履再快，也快不过日出之势。,remote
命运2,万斯修士,眼睛依然睁开，灯塔依然光明。,remote
命运2,爱莲娜-3,让他们来吧。我将会是他们这辈子看到的最后的光。,remote
地下城与勇士,NA,今天，又是充满希望的一天。,remote
天命2,凯德6号,盖牌认输永远不在选择之列。,remote+js
守望先锋,堡垒,BOO BOO DOO DE DOO！,remote
守望先锋,末日铁拳,不经历冲突，怎能不断进化。,remote
守望先锋,莱因哈特- 威尔海姆,我受到了召唤，必须回应，一如既往。,remote+js
守望先锋,雅典娜,温斯顿，你的血压又升高了。,remote
守望先锋,DVA,玩游戏就是为了赢！,remote
巫师3：狂猎,NPC,你一看就是个昆特牌高手,remote+js
底特律：成为新人类,康纳,你杀不了我，我没有生命。,remote
异度装甲,开场白,吾乃阿尔法，吾亦欧米伽。 最先和最后，初始与终末。,remote+js
彩虹六号,DOC,我的工作是保护你的人身安全，我不介意你给我来点挑战。,remote
彩虹六号：围攻,NA,咚~咚~咚~Duang！Duang！Duang！Hostage KIA.,remote
彩虹六号：围攻,广告词,谈判破裂，准备攻坚！,remote+js
心灵终结,铁骑兵,Chivalry is not dead!骑士精神长存！,remote
怪物猎人：世界,NA,愿指引明路的苍蓝星为你闪耀。,remote
怪物猎人：世界,Aibo,迷ったら食ってみろ！迷惘的时候就开吃！,remote+js
战争雷霆,NA,别等人老珠黄才懂爱，别等冲出跑道才把刹车踩！,remote
战争雷霆,NA,胜败乃兵家常事，但是下一次，我们会赢回来的！,remote
战神,奎托斯,不用道歉，记住教训,remote
战神,奎托斯,我知道暴力不能解决问题，但是可以解决你。,js
旺达与巨像,NA,如果有活下去的机会，一定要牢牢抓住，不要放手。,remote
星际争霸,Ghost,Nuclear Launch Detected.,remote
星际争霸2,凯瑞甘,我，即是虫群！,remote+js
星际战甲,Ordis,Ordis一直都在数星星，指挥官。通通都数完了喔。,remote
最终幻想14,弗雷,我将回归你的内心，成为你的泪水，你的愤怒，你为世界而战的力量。,remote
最终幻想14,NA,生命之色涡旋流转，七重之门现于时间，力量之塔君临九天，究~极~！,remote
植物大战僵尸,戴夫,歪比歪比，歪比巴卜。,remote
求生之路2,NA,我们安全了，暂时。,remote
泰坦陨落2,BT-7274,协议三，保护铁驭。,remote+js
泰坦陨落2,库伯,等我能成为铁驭的那一天，我希望我能实至名归。,remote
泰坦陨落2,帝王泰坦,铁驭登机，正在验证协议。,remote
漫威蜘蛛侠,斯坦·李,真高兴你们俩复合了，你们是我最喜欢的情侣。,remote
生化危机,里昂,Get down！Ada wait！Women......Shit！Run！,remote
白色相簿2,冬马和纱,梦里不觉秋已深，余情岂是为他人,remote
空洞骑士,NA,在那高远的黑色穹顶下，它的牺牲使圣巢永世不衰。,remote
索尼克大冒险2,刺猬夏特,I’m the coolest。,remote
红色警戒2,伊娃·索菲亚,"Warning, nuclear missile launched.",remote
罪恶装备,NA,"Heaven or Hell ... Duel One, Let's ROCK!",remote
英雄联盟,卡密尔,为仆则忠，为主则殆，这便是道德。,remote
英雄联盟,凯尔,于光明中得救！制裁八方！,remote
英雄联盟,库奇,王牌飞行员申请出战！,remote
英雄联盟,亚索,长路漫漫，唯剑作伴,js
英雄联盟,亚索,长路漫漫，唯剑作伴。,remote
荒野大镖客2：救赎,达奇.范特林,我有一个计划，你得相信我！,remote
虚荣,凯瑟琳,海希安，已融入我的灵魂之中。,remote
血源诅咒,路德维希,即便在这漆黑的夜晚，我依旧能看到月光。,remote+js
行星边际2,NA,要么进化，要么灭亡。,remote
超阈限空间,NA,视角拥有神奇的力量。只要你相信，它就是真的。,remote
辐射4,噶抓,先生，连蟑螂老鼠都要打包吗？,remote+js
辐射系列,开场白,"War, war never changes.（战争，战争从未改变）",remote+js
逃离塔科夫,NA,"放心, 我的人已经去找你的东西了. 稍安勿躁, 宝贝儿。",remote
逆转裁判,成步堂龙,異議あり！！（一个牙医！）,remote
钢铁雄心,乔治·S·巴顿,从没有人成功的守住过任何东西，只有进攻，进攻再进攻。,remote
集合啦！动物森友会,NA,不是鱼露，是鲈鱼哦！,remote
骑马与砍杀：战团,海寇,我会拿你的头盖骨当碗使！,remote
魔兽世界,伊利丹- 怒风,你们对力量一无所知,remote+js
魔兽世界,NPC,时间就是金钱，我的朋友。,remote
魔兽世界,NPC,这个法术还没有准备好。,remote
黑暗之魂3,杰克巴尔多,Long may the sun shine!,remote
龙之谷,戴卡德,你不是一个人在战斗，让我们一起去屠龙！,remote
