,Year-Month,Volatility
0,2000-01,0.008258347756
1,2000-02,0.013547560849999998
2,2000-03,0.007877315931
3,2000-04,0.002493878118
4,2000-05,0.003515287081
5,2000-06,0.0013762447200000002
6,2000-07,0.0009408647730000001
7,2000-08,0.001659467296
8,2000-09,0.002922129125
9,2000-10,0.0009432755199999999
10,2000-11,0.0018521729629999999
11,2000-12,0.000702322295
12,2001-01,0.00203124311
13,2001-02,0.0028578619340000003
14,2001-03,0.00130040224
15,2001-04,0.00126971082
16,2001-05,0.00063255929
17,2001-06,0.001244584152
18,2001-07,0.004365126582999999
19,2001-08,0.0054396299079999995
20,2001-09,0.003347721131
21,2001-10,0.017457191279999996
22,2001-11,0.0038194528060000008
23,2001-12,0.002417814858
24,2002-01,0.019337885476000002
25,2002-02,0.001566307012
26,2002-03,0.005833724007999999
27,2002-04,0.002603990755
28,2002-05,0.0035727740289999994
29,2002-06,0.012968409062999998
30,2002-07,0.001296860674
31,2002-08,0.0009037582269999999
32,2002-09,0.000933628308
33,2002-10,0.001446819948
34,2002-11,0.004344766622
35,2002-12,0.002275350269
36,2003-01,0.006873699139
37,2003-02,0.001419154532
38,2003-03,0.0019355885549999998
39,2003-04,0.00468695899
40,2003-05,0.002669581709
41,2003-06,0.001404989531
42,2003-07,0.001343377758
43,2003-08,0.000706056536
44,2003-09,0.0013799995190000001
45,2003-10,0.001967541136
46,2003-11,0.00419258443
47,2003-12,0.002804860252
48,2004-01,0.0035972142770000007
49,2004-02,0.0034124911709999995
50,2004-03,0.0027297101860000003
51,2004-04,0.002140481044
52,2004-05,0.002904275919
53,2004-06,0.003875610714
54,2004-07,0.0037913523789999994
55,2004-08,0.002437340202
56,2004-09,0.008647295026999997
57,2004-10,0.003530489625
58,2004-11,0.002932444102
59,2004-12,0.0019383497199999997
60,2005-01,0.003015980597
61,2005-02,0.004450006559000001
62,2005-03,0.0027669636570000003
63,2005-04,0.004922290117
64,2005-05,0.002144149944
65,2005-06,0.011478531323
66,2005-07,0.004433011635
67,2005-08,0.004338636678
68,2005-09,0.0033564381229999997
69,2005-10,0.001987860409
70,2005-11,0.0017744776380000003
71,2005-12,0.001090642911
72,2006-01,0.001814625707
73,2006-02,0.0019298925029999998
74,2006-03,0.0016817002730000002
75,2006-04,0.0027365902400000005
76,2006-05,0.009045871268000001
77,2006-06,0.005991589877000001
78,2006-07,0.005303323008
79,2006-08,0.0027812214750000002
80,2006-09,0.0013377850289999996
81,2006-10,0.001909762317
82,2006-11,0.003016601549
83,2006-12,0.009374536582
84,2007-01,0.014073245495000001
85,2007-02,0.015045279848999997
86,2007-03,0.004323166468999998
87,2007-04,0.007712043338
88,2007-05,0.008945273922
89,2007-06,0.017704365795
90,2007-07,0.011719195373999998
91,2007-08,0.009183160502999999
92,2007-09,0.005879795083
93,2007-10,0.008302336597999999
94,2007-11,0.012729670746
95,2007-12,0.004980229907000001
96,2008-01,0.016242868626000002
97,2008-02,0.012838026076
98,2008-03,0.015900197329
99,2008-04,0.027268551014
100,2008-05,0.00900477901
101,2008-06,0.021852786934
102,2008-07,0.011374360231999999
103,2008-08,0.017151575100000004
104,2008-09,0.023796802460000002
105,2008-10,0.017933730921000004
106,2008-11,0.020458340976999997
107,2008-12,0.009722588929000003
108,2009-01,0.005214536896
109,2009-02,0.013184347932
110,2009-03,0.009058041611000003
111,2009-04,0.006199458363
112,2009-05,0.002972927986
113,2009-06,0.003587600526
114,2009-07,0.007548820281
115,2009-08,0.019088431212
116,2009-09,0.006867733673999999
117,2009-10,0.0052198850970000005
118,2009-11,0.006443458249999999
119,2009-12,0.0041976654859999995
120,2010-01,0.004024568741
121,2010-02,0.0018659841190000002
122,2010-03,0.002536676106
123,2010-04,0.003942677279
124,2010-05,0.008396736258999999
125,2010-06,0.004547832250999999
126,2010-07,0.0035305502289999994
127,2010-08,0.0034695827889999996
128,2010-09,0.001824316726
129,2010-10,0.004089217416
130,2010-11,0.007879136271999999
131,2010-12,0.003126183888
132,2011-01,0.0037774214789999994
133,2011-02,0.0020878164070000007
134,2011-03,0.001725256982
135,2011-04,0.0014988946050000001
136,2011-05,0.002275283706
137,2011-06,0.002236433926
138,2011-07,0.0021313584270000003
139,2011-08,0.004195108619
140,2011-09,0.0034826170690000005
141,2011-10,0.0031239199610000002
142,2011-11,0.003388335423
143,2011-12,0.0027601010729999998
144,2012-01,0.0048139712909999995
145,2012-02,0.0019635838709999996
146,2012-03,0.0029088406190000003
147,2012-04,0.001553013478
148,2012-05,0.0017689891690000003
149,2012-06,0.002081573492
150,2012-07,0.0016185146970000002
151,2012-08,0.0013956303680000002
152,2012-09,0.0037186858040000005
153,2012-10,0.0010980744029999998
154,2012-11,0.0016742488009999998
155,2012-12,0.004550712826
156,2013-01,0.0025648019220000005
157,2013-02,0.0023199693280000003
158,2013-03,0.004316277288
159,2013-04,0.0018241246760000002
160,2013-05,0.0013740627289999996
161,2013-06,0.005245408431
162,2013-07,0.003955356221000001
163,2013-08,0.0017182672020000002
164,2013-09,0.0027081281
165,2013-10,0.00196344301
166,2013-11,0.0020043287239999994
167,2013-12,0.0018522126339999999
168,2014-01,0.001629161153
169,2014-02,0.001796591539
170,2014-03,0.002374718551
171,2014-04,0.0016885217279999998
172,2014-05,0.00098359511
173,2014-06,0.000870969489
174,2014-07,0.0013894264600000001
175,2014-08,0.001226664623
176,2014-09,0.001603996712
177,2014-10,0.001384590948
178,2014-11,0.0021931425149999996
179,2014-12,0.012419134283
180,2015-01,0.012962024811
181,2015-02,0.0028655960349999996
182,2015-03,0.003977466845
183,2015-04,0.005763788197
184,2015-05,0.012731841749999997
185,2015-06,0.022641543783000005
186,2015-07,0.029917511657999996
187,2015-08,0.030609830530000003
188,2015-09,0.00885960922
189,2015-10,0.004793655523
190,2015-11,0.006826603046999999
191,2015-12,0.003655453728
192,2016-01,0.024028870067000004
193,2016-02,0.00806616712
194,2016-03,0.005359882561000001
195,2016-04,0.001858661019
196,2016-05,0.003440294144
197,2016-06,0.001969411736
198,2016-07,0.001494646314
199,2016-08,0.0012828800790000002
200,2016-09,0.0009867349920000001
201,2016-10,0.0006850031359999999
202,2016-11,0.0008442265449999999
203,2016-12,0.001339466454
204,2017-01,0.000427704663
205,2017-02,0.000518379131
206,2017-03,0.0005846778689999999
207,2017-04,0.000794164365
208,2017-05,0.000630530602
209,2017-06,0.0005675087199999999
210,2017-07,0.0006238196059999999
211,2017-08,0.0010115670320000002
212,2017-09,0.00015815317200000003
213,2017-10,0.000201444204
214,2017-11,0.00099084095
215,2017-12,0.000783505594
216,2018-01,0.0008533960980000002
217,2018-02,0.004530538314999999
218,2018-03,0.0020857827000000002
219,2018-04,0.0018952528830000002
220,2018-05,0.0018995511999999998
221,2018-06,0.003028328356
222,2018-07,0.003248106889999999
223,2018-08,0.003786408395
224,2018-09,0.002210535341
225,2018-10,0.009017898722
226,2018-11,0.0030260227360000003
227,2018-12,0.0019030336970000002
228,2019-01,0.001455755188
229,2019-02,0.005244938889
230,2019-03,0.005993292349
231,2019-04,0.002954177149
232,2019-05,0.0062962196759999995
233,2019-06,0.001959798189
234,2019-07,0.0018343684460000002
235,2019-08,0.001993410048
236,2019-09,0.001223963415
237,2019-10,0.000768176337
238,2019-11,0.0009277968859999999
239,2019-12,0.0011006140650000001
240,2020-01,0.0015417815
241,2020-02,0.009161004936999999
242,2020-03,0.007303603343999998
243,2020-04,0.001724981062
244,2020-05,0.000828237716
245,2020-06,0.0011527281750000002
246,2020-07,0.010874580644
247,2020-08,0.002172817494
248,2020-09,0.002012793356
249,2020-10,0.0015220290340000001
250,2020-11,0.001452868346
251,2020-12,0.0017812407660000003
252,2021-01,0.00184928402
253,2021-02,0.002021303484
254,2021-03,0.0037244915769999998
255,2021-04,0.0008688352049999999
256,2021-05,0.0012834161759999998
257,2021-06,0.0007076949669999999
258,2021-07,0.0024013920570000002
259,2021-08,0.0019564969650000003
260,2021-09,0.0015263282540000003
261,2021-10,0.000689588343
262,2021-11,0.0007153876150000001
263,2021-12,0.0010595423190000001
264,2022-01,0.0017986524520000001
265,2022-02,0.001277531529
266,2022-03,0.006740513437000001
267,2022-04,0.006234351132
268,2022-05,0.002034489964
269,2022-06,0.001794052023
270,2022-07,0.001367220904
271,2022-08,0.0017206794650000002
272,2022-09,0.0017293130889999998
273,2022-10,0.002098702264
274,2022-11,0.002730133252
275,2022-12,0.001152757258
276,2023-01,0.000536481411
277,2023-02,0.0011516085039999999
278,2023-03,0.0010977274089999998
279,2023-04,0.001051926179
280,2023-05,0.0014868013600000001
281,2023-06,0.00098684005
282,2023-07,0.0015111894580000001
283,2023-08,0.0015460524800000003
284,2023-09,0.0008835103679999998
285,2023-10,0.001068261486
286,2023-11,0.000497375106
287,2023-12,0.001009379755
288,2024-01,0.003473297792
289,2024-02,0.003313909824
290,2024-03,0.0008415018139999999
291,2024-04,0.001542197395
292,2024-05,0.000915256956
293,2024-06,0.0006422866490000001
294,2024-07,0.0014411004739999997
295,2024-08,0.000705487367
296,2024-09,0.011044778594999999
297,2024-10,0.009696303687
298,2024-11,0.0034950738980000008
299,2024-12,0.0013590337019999997
300,2025-01,0.002052784061
301,2025-02,0.0012501615170000002
302,2025-03,0.000817059949
303,2025-04,0.006097118301
304,2025-05,0.000602093153
305,2025-06,0.000608867416
306,2025-07,0.00046360870899999994
307,2025-08,0.001411241368
308,2025-09,0.001192796832
309,2025-10,0.0014267902079999999
310,2025-11,0.0011463907010000002
311,2025-12,0.000661953513
