因子,中文名,R²,β
UUP,美元(做多),0.22854462780466167,-1.1438457779675342
FXY,日元,0.22770876466067452,0.830151560593205
UDN,美元(做空),0.17614767225238617,0.9737960362168755
FXE,欧元,0.17397380679141422,0.8944114470689749
IEF,7-10年美债,0.13055786068043973,0.9700658729844203
SHY,1-3年美债,0.0964297673031256,3.8690047550016358
TLT,20年+美债,0.09384863658957292,0.3829134874667116
USCI,商品指数(USCI),0.0500185915834648,0.22355768736064455
DBC,商品指数(DBC),0.02304901025642518,0.1252677206242282
IBIT,比特币,0.015367172891149613,-0.055631579922482514
USO,原油,0.0005855709147477478,-0.009458289635698369
SPY,标普500,3.754784691319162e-05,0.007129155376235484
