标的,中文名,R²_SHY,β_SHY,R²_IEF,β_IEF,R²_TLT,β_TLT
UUP,美元(做多),0.08448833267805807,-1.5135964798058772,0.03496194339714787,-0.209804853910064,0.005190842952974553,-0.037637750583675036
UDN,美元(做空),0.0705850511850211,1.4266601248116089,0.03736416296272222,0.2236648790150542,0.007291461990255952,0.046000699944874976
GLD,黄金,0.0964297673031256,3.8690047550016358,0.13055786068043973,0.9700658729844203,0.09384863658957292,0.3829134874667116
SLV,白银,0.010402304865456447,2.6646771460981307,0.012574498807214623,0.6312932707445716,0.004522987926488315,0.17627287930942295
GDX,金矿,0.04688545343476218,6.335796245886704,0.07165343931916966,1.6877443866759418,0.052325187223872416,0.6714760290424383
SIL,银矿,0.02166647128877601,4.834766652852636,0.026550146746416065,1.153243187266528,0.016784006308090117,0.42689613035869284
SPY,标普500,0.017612688096485352,-1.4212188709970257,0.016703241773915002,-0.29823220307342274,0.01787154559553216,-0.1436223987744728
USO,原油,0.13648394354410082,-11.776374952692628,0.18068322219535085,-2.919683441245623,0.19334413725393643,-1.4061424631737685
DBC,商品指数(DBC),0.13469570087993768,-5.541885349245299,0.1840225911402245,-1.3957969662285559,0.20155595316916633,-0.680097941891356
