方案,8周期望,8周标准差,8周5%分位,1周5%分位,最差8周
基准：现状（40% 现金）,0.022175286762501807,0.032901809363287404,-0.032182109501513394,-0.022150022759107296,-0.06249745372234477
全现金（极端对照）,0.0,0.0,0.0,0.0,0.0
+ TLT  5%,0.02186759697725265,0.03260895273866657,-0.030442263647579473,-0.0232693495425885,-0.06244077080657556
+ TLT 10%,0.021559907192003503,0.03242324621176551,-0.02865624663559632,-0.02231846115426137,-0.062384087890806385
+ TLT 15%,0.021252217406754356,0.03234653533172658,-0.027686228903334657,-0.02119384456801228,-0.06232740497503719
+ UUP  5%,0.022130456628987362,0.033127670974203306,-0.03339195975911556,-0.02138423765616212,-0.06580111685141014
+ UUP 10%,0.022085626495472927,0.03340989744407211,-0.03280870661394363,-0.02061845255321696,-0.06910477998047554
+ UUP 15%,0.022040796361958482,0.033747074666156444,-0.03360959329477147,-0.019852667450271793,-0.07240844310954092
+ TLT5  UUP5,0.021822766843738215,0.03282217617106802,-0.03206010071191067,-0.02245543084743563,-0.06574443393564096
+ TLT8  UUP8,0.02161125489248006,0.03284050316128054,-0.03198689543814903,-0.022377927190341436,-0.06769262206361869
+ TLT10 UUP10,0.021470246924974623,0.03288024913431091,-0.03193809192230795,-0.02208354567248866,-0.06899141414893718
