标的,中文名,首日,窗口,8周均值,标准差,5%分位,胜率,股跌时胜率,最差8周,最差8周日期,1周5%分位
SPY,标普500,2012-01-03,691,0.020228339371844224,0.054166601236715316,-0.08005302466210878,0.7351664254703328,,-0.2741292931731756,2020-01-22,-0.03540362042699256
QQQ,纳斯达克100,2012-01-03,692,0.0293523621350639,0.07025964265011099,-0.09838993583585888,0.7124277456647399,0.17486338797814208,-0.21284700337069418,2022-03-28,-0.04317566045432682
ONEQ,纳斯达克综合,2012-01-03,691,0.02666043977662052,0.0699481640431717,-0.10493262169079232,0.7293777134587555,0.14754098360655737,-0.2426526821807058,2020-01-22,-0.041637350708570865
DSI,标普400 社会责任,2012-01-03,691,0.020587061212562853,0.05674463169945272,-0.08477314552017229,0.7250361794500724,0.0546448087431694,-0.26987951807228916,2020-01-22,-0.03620410220561895
GLD,黄金,2012-01-03,691,0.010305493943201575,0.06335182917827319,-0.08294716494497212,0.5238784370477568,0.5409836065573771,-0.1707609725292074,2013-02-14,-0.033287145559623074
BLOK,区块链/数字支付,2018-01-18,387,0.03090558927034787,0.17827628165226903,-0.2505226929802787,0.5529715762273901,0.05454545454545454,-0.4325564971751412,2021-11-23,-0.09668176938362012
TLT,20年+美债,2012-01-03,691,-0.001664922726168449,0.050717316993739686,-0.09075255897809797,0.48191027496382055,0.546448087431694,-0.1867628938567153,2022-08-26,-0.03146395484484591
UUP,美元(做多),2012-01-03,691,0.003007540778190843,0.026348700506463596,-0.03937884792015467,0.5470332850940666,0.6284153005464481,-0.07498341074983417,2022-10-24,-0.016146491982396614
SHY,1-3年美债,2012-01-03,691,-0.0003898207305795455,0.005269807148070843,-0.008192910755615845,0.4356005788712012,0.48633879781420764,-0.024202287778446574,2022-07-29,-0.0029500284897509997
IEF,7-10年美债,2012-01-03,691,-0.0007559787524918256,0.023791469408119166,-0.03970775573826513,0.48625180897250364,0.5628415300546448,-0.09470381287439389,2022-07-29,-0.014423174418932972
