标的,中文名,功能子类,1周,4周,13周,距52周高,成交额异动,日均成交额$M,组
ERTH,环保可持续,科技主题股,-0.01952062430323309,-0.06107611828760551,-0.09979999877174273,-0.14529806550424584,3.3409252920773054,0.16269952583166666,风险
FAN,风能,科技主题股,-0.011583664496491064,-0.022983702465524503,-0.05497170573969279,-0.141388174807198,3.3208644351213574,1.9379353354316666,风险
HACK,网络安全,科技主题股,0.07979981801637859,0.08107861893049106,0.23730580752789088,-0.02641726146525558,2.437122694453676,26.614533145833327,风险
UNG,天然气,能源,0.02359882005899716,0.03996003996004016,-0.1147959183673467,-0.38402366863905313,2.436212600030503,95.78312239050003,风险
EWA,澳大利亚,发达市场,-0.017765630338230087,-0.03361344537815114,-0.007936507936507797,-0.055208675649030425,1.6175098724968162,64.64541883666668,风险
FXC,加元,其他货币,-0.010255246738513746,-0.014333769230551963,-0.00033228301346299727,-0.036621118012422293,1.57352682048372,2.2439015371816664,其他货币
SHY,1-3年美债,国债短,-0.0015976404080129125,-0.009509875640087762,-0.010776255707762639,-0.02332291416205834,1.5597982722484678,297.01768296625,避险
EWG,德国,发达市场,-0.01679496151154647,-0.04030054644808745,0.00909743835288479,-0.05472078941466707,1.5033966875688498,40.022049642333336,风险
XLE,能源,美股行业,-0.012741786920478892,0.008784313725490156,0.16166907514450868,-0.024571515243440034,1.467070663824634,1704.5947201933336,风险
DBA,农产品,农产品,-0.026961631524369256,-0.008104298801973275,0.055888972243060664,-0.045439131909121744,1.4643637333430708,32.38092201433334,风险
VGK,欧洲,发达市场,-0.01766207014714738,-0.038908157316011494,-0.017552933614556343,-0.05107779326801387,1.425582890855847,173.62461180366665,风险
TLT,20年+美债,国债长,0.0046988994682823915,-0.013237794510565948,-0.05731523378582204,-0.11742341950901591,1.399966161232812,2409.924723718333,避险
IBIT,比特币,加密,0.051405071967100646,0.11699029126213589,0.23809523809523814,-0.3544676672745126,1.383489563251054,1833.1159433399998,风险
IEF,7-10年美债,国债中长,-0.002307438742995327,-0.023655913978494647,-0.039356749894202236,-0.07337483416675172,1.3200704300044475,637.13588210075,避险
HYG,高收益债,信用债,-0.0008905852417302462,-0.012946204122674776,-0.018742971385730334,-0.03430890309886858,1.3152397032684684,2549.1858769683326,避险
USO,原油,能源,-0.0069722401549388024,0.14330310688271153,0.3321208972027365,-0.04967255653033498,1.2466939488200062,727.9567625310001,风险
FXA,澳元,其他货币,-0.006049128044101293,0.0020612205207846124,0.008558377708783649,-0.01714146477304368,1.21009687424375,0.7269704132983332,其他货币
IWM,罗素2000 小盘,美股宽基,-0.016580705458825062,-0.045587395437901024,-0.02732128184059146,-0.06879937067750486,1.207931888647826,6216.388251178333,风险
AGG,美国综合债券,债宽基,-0.00020837674515539195,-0.015693917324853812,-0.03041325654238658,-0.0536489151873768,1.1989228061562691,821.8827208793333,避险
MOO,农业,资源主题股,-0.021276595744680882,0.01353131361513582,0.08540651449089509,-0.047383230163196344,1.1635773220075138,24.032569290499996,风险
XLF,金融,美股行业,-0.024279475982532772,-0.019139596136962256,0.027782888684452667,-0.04610655737704927,1.1567394797028676,1778.8150218133333,风险
FXY,日元,其他货币,-0.020107238605898137,0.014221297259798815,0.022556390977443552,-0.06461932181701868,1.1499235375297836,16.1743208335,其他货币
SPY,标普500,美股宽基,-0.0009308415551350091,0.001283198410471753,0.017656987069457175,-0.018385140242934805,1.1476000542590032,35014.49133662333,风险
DBC,商品指数(DBC),商品宽基,-0.006936067551266523,0.0585020893603343,0.18028673835125453,-0.02226840855106893,1.1278620480742336,27.493527784666668,风险
EFA,EAFE 发达市场,发达市场,-0.016213683223992525,-0.022170470423847233,0.006327293643945797,-0.03529087400055142,1.12681226313689,1131.0047298883333,风险
VNQ,房地产(全市场),美股行业,-0.01993670886075949,-0.057707910750507074,-0.052518866000408004,-0.07964338781575042,1.1241686259228643,311.2482173986666,风险
FXE,欧元,其他货币,-0.00953181945612569,-0.01679035250463823,-0.010548917102315203,-0.045908722657304946,1.1068529352638945,8.334951511693333,其他货币
USCI,商品指数(USCI),商品宽基,-0.0008140166606301902,0.03976349759728648,0.17406213426960315,-0.011642633228840182,1.1044133699367475,1.4281243854466668,风险
XLI,工业,美股行业,-0.015199860764634088,-0.05573788730043938,-0.0561579093689184,-0.08986113345128932,1.0905228358405854,1225.8927788426663,风险
IGE,自然资源,资源主题股,-0.019116977696859272,-0.017924958225732812,0.09298393913778535,-0.03015301530153003,1.0883194830853011,11.033183379166665,风险
URA,铀,资源主题股,-0.04318860555938442,-0.04995437956204385,-0.12993524127846245,-0.32616081540203856,1.075814228727482,137.3828667695,风险
LQD,投资级公司债,信用债,0.0036426380368099753,-0.012822930416745204,-0.040505865102639316,-0.07279489904357062,1.0742115544837914,3065.489355875,避险
XLU,公用事业,美股行业,-0.030431705590941216,-0.0610006854009596,-0.08788282290279625,-0.13890634820867376,1.0612680686144143,890.8744518700001,风险
IGF,全球基础设施,科技主题股,-0.013739266198282474,-0.040115483969001664,-0.05334931814775967,-0.08937581086925184,1.0462633463136846,53.236504517,风险
GLD,黄金,贵金属,0.006018506908744392,-0.03393054953523089,0.0089027487865605,-0.1910264166162532,1.027144763728242,3596.7521922133337,避险
ROBO,机器人与自动化,科技主题股,-0.007710782454809717,-0.030145787002718083,-0.06692024248187323,-0.1310604383440337,1.0247357991666861,15.006781978833335,风险
XBI,生物科技,美股行业,0.0033290653008963833,-0.04076386338597138,0.15797251366927734,-0.07567089354172818,1.0154166292395672,1395.9915275403334,风险
GDX,金矿,资源主题股,-0.016683831101956592,-0.04376564847270892,0.09445208619899148,-0.17575966850828728,1.0055537033581936,1965.4441529355001,风险
EWZ,巴西,新兴市场,-0.01754385964912264,0.09900410076157007,0.09038070328392922,-0.10088665228852134,0.9942582887148403,754.401834205,风险
XLY,可选消费,美股行业,-0.017085694050991473,-0.04842303736715814,-0.0627215937869322,-0.10833601027947315,0.979644350619951,825.1390670016667,风险
XLRE,房地产(标普),美股行业,-0.02049746660525109,-0.056566104702750586,-0.05698447893569847,-0.07563573136274715,0.9793580254208857,233.30856001083336,风险
UUP,美元(做多),美元,0.011400071250445398,0.01719813686850591,0.016469745793054047,-0.007342657342657377,0.9752423518082401,49.63828081116666,避险
QQQ,纳斯达克100,美股宽基,0.009190353625783354,0.014797518743054905,-0.011522757789165006,-0.033116221721882555,0.9743751405866319,26803.73530779333,风险
XLP,必需消费,美股行业,-0.006956104581434364,-0.029535864978902926,-0.03259726603575186,-0.08010221086545943,0.9730608600896847,905.447972957,风险
DIA,道琼斯工业30,美股宽基,-0.01658556731836136,-0.019792090084209346,-0.00838164590426771,-0.04742087551872887,0.9679361859419436,1982.8810487411665,风险
TAN,太阳能,科技主题股,-0.03160127253446454,-0.08184194651116028,-0.24628590293826347,-0.38238874611118634,0.9524311477308084,53.14030226183334,风险
SLV,白银,贵金属,0.03114246386785946,-0.028057087252676083,-0.0545827417573751,-0.4324810606060606,0.9097762212365167,971.0980114881667,避险
IWN,罗素2000 小盘价值,美股宽基,-0.018708179707769945,-0.036772262186676175,-0.002867715078630817,-0.05210394407070307,0.9075037955595894,120.291216416,风险
XLC,通信,美股行业,-0.01589698046181165,0.0011745572822550177,-0.013443732193732072,-0.07719853431045964,0.9007221946191106,641.7973126425,风险
VYM,美股高股息,美股宽基,-0.017036678845821496,-0.023509851936349135,-0.001718088253093386,-0.04122382636389421,0.8985346048201123,201.51801572149998,风险
XLV,医疗,美股行业,0.01832365747460063,-0.023203202041881754,0.10102000784621423,-0.04149590163934436,0.8862828888114306,1535.757197182667,风险
XLK,科技,美股行业,0.01028400916502381,0.035499726925177555,0.016949152542372836,-0.043438777054639055,0.8849083868588512,1556.6945082459995,风险
SIL,银矿,资源主题股,-0.012038190120381875,-0.023189000615637112,0.06690574918749292,-0.193425400321952,0.8656522171675415,101.93527447400001,风险
XLB,材料,美股行业,-0.018842001962708577,-0.0463563525371995,-0.05178300455235196,-0.06856716974100985,0.8552366950968672,582.6460182763332,风险
XHB,住宅建筑,美股行业,-0.02102376599634359,-0.08738875213027841,-0.12245083758193742,-0.20575148319050762,0.8395936722884979,246.1682229603333,风险
EEM,新兴市场整体,新兴市场,-0.011939858490566113,0.006154308015610788,-0.023455710955710973,-0.05869962083976965,0.8380799833838325,1456.2717239090002,风险
FXB,英镑,其他货币,-0.009452464639783553,-0.01709532168205763,-0.002014722975591021,-0.032308963859042805,0.8241382635938583,2.9880150508016663,其他货币
PSP,上市私募股权,科技主题股,-0.027405995310559206,-0.06869136587692792,-0.017281879194630867,-0.19568799780280133,0.8188781078418903,1.9100311980766669,风险
PIO,水,资源主题股,-0.007838849346608279,-0.03669205873243164,-0.04654448517160947,-0.11734874347057123,0.798038476812435,0.2977279968116666,风险
INDA,印度,新兴市场,-0.011323862466543044,-0.03087790110998978,-0.02813195709370564,-0.1314885151021884,0.7923848787527767,257.06729502791666,风险
XME,金属与矿业,资源主题股,-0.04356243949661176,-0.0524847428073234,-0.08924830302522413,-0.18181133780019576,0.7905101508233281,223.50927679800003,风险
FXI,中国大盘,新兴市场,-0.004928964917367384,-0.037846930193439876,-0.006944444444444531,-0.17796407185628738,0.7877373474418435,725.0990483908332,风险
ONEQ,纳斯达克综合,美股宽基,0.007249643091338909,0.01764376908118348,0.0043463485782009315,-0.020315201874234745,0.786718087219017,27.694380402580002,风险
BKF,金砖四国,新兴市场,-0.0060240963855420215,-0.024551256629233187,-0.012151041107987148,-0.13761375985156488,0.7719483007747262,0.2956099952949999,风险
REMX,稀土,科技主题股,-0.021258503401360596,-0.08759413396749893,-0.28642281463112207,-0.3694878115584771,0.7649869203995364,53.454432683166665,风险
EWJ,日本,发达市场,-0.015827922077922052,0.02895937201654819,0.030599235019124427,-0.015827922077922052,0.7069409873110458,411.0733925406667,风险
EWU,英国,发达市场,-0.013975803087192262,-0.026163988463123067,0.016340571920017366,-0.042923668758858,0.7036262808999882,58.7036432425,风险
FXF,瑞郎,其他货币,-0.007043558850787779,-0.026265563937108105,-0.036138074975035295,-0.07622003793757548,0.6998025658618339,4.007134916898334,其他货币
DSI,标普400 社会责任,美股宽基,-0.0008251392422471415,-0.0024028559659480253,0.02172690198284344,-0.022468886646485053,0.6776167213704922,16.025113539166668,风险
BLOK,区块链/数字支付,科技主题股,0.015023474178403662,0.048157724628312915,-0.020093669738631137,-0.12469635627530362,0.6717788670866358,11.763831988749999,风险
EPP,亚太除日本,发达市场,-0.015207780725022046,-0.030128874956461216,0.022961058045554816,-0.04884713919726724,0.6581398146407851,15.985041545833337,风险
UDN,美元(做空),美元,-0.010382513661202242,-0.012002182214948087,-0.0013785497656466639,-0.04230565838180855,0.63810489227307,1.6631549058016661,避险
EWY,韩国,发达市场,-0.039264518863925346,0.0176807364167042,-0.11946967121557961,-0.1728558394160583,0.6204249754094915,3546.199051164667,风险
EWT,台湾,发达市场,0.006581913263006056,0.07273950225809567,0.07563349070237968,-0.004813692280263959,0.6194598522736846,547.385364513,风险
LIT,锂电与电池,科技主题股,-0.013848090642047728,-0.05470635559131132,-0.15669856459330134,-0.23051735428945652,0.5571268699715369,18.202092515333337,风险
MJ,大麻,科技主题股,0.027791352050065443,0.005784805244890112,0.0328712871287129,-0.3765240258187904,0.5102329021470907,0.9421370985233336,风险
PBD,清洁能源,科技主题股,-0.01825442099258412,-0.047592695074709424,-0.1499975304983454,-0.23374888691006235,0.48119015822735783,2.2735323295683334,风险
SOCL,社交媒体,科技主题股,-0.017518353963142497,-0.023807541642385077,-0.05521608661756816,-0.3064907496507342,0.42434193285562805,0.39000893422500005,风险
SLX,钢铁,资源主题股,-0.026429292465816268,0.01230916030534357,-0.03930091460653806,-0.06586246367878834,0.3663847514450306,2.88783316349,风险
