功能子类,只数,周1,周4,周13,成交额异动
加密,1,0.051405071967100646,0.11699029126213589,0.23809523809523814,1.383489563251054
能源,2,0.00831328995202918,0.09163157342137584,0.10866248941769491,1.8414532744252545
商品宽基,2,-0.0038750421059483564,0.04913279347881039,0.17717443631042884,1.1161377090054905
美元,2,0.0005087787946215783,0.002597977326778911,0.0075455980137036915,0.8066736220406551
农产品,1,-0.026961631524369256,-0.008104298801973275,0.055888972243060664,1.4643637333430708
国债短,1,-0.0015976404080129125,-0.009509875640087762,-0.010776255707762639,1.5597982722484678
美股宽基,8,-0.008755773506980036,-0.011097473025078686,-0.0022929016658621015,0.9377199907507665
信用债,2,0.0013760263975398646,-0.01288456726970999,-0.029624418244184825,1.1947256288761299
国债长,1,0.0046988994682823915,-0.013237794510565948,-0.05731523378582204,1.399966161232812
其他货币,6,-0.009492142047954621,-0.015562060867595096,-0.0011735029945270092,1.1283882363968392
债宽基,1,-0.00020837674515539195,-0.015693917324853812,-0.03041325654238658,1.1989228061562691
国债中长,1,-0.002307438742995327,-0.023655913978494647,-0.039356749894202236,1.3200704300044475
新兴市场,5,-0.011323862466543044,-0.024551256629233187,-0.012151041107987148,0.7923848787527767
发达市场,9,-0.016213683223992525,-0.026163988463123067,0.00909743835288479,0.7069409873110458
资源主题股,8,-0.020196786720770077,-0.029940529674034377,0.013802417290477431,0.9356029602628675
贵金属,2,0.018580485388301926,-0.030993818393953487,-0.0228399964854073,0.9684604924823794
科技主题股,13,-0.013848090642047728,-0.040115483969001664,-0.05521608661756816,0.8188781078418903
美股行业,14,-0.01649133725640156,-0.04356010796158544,-0.04219013529405191,0.9795011880204183
