标的,中文名,子类,8周均值,8周中位,胜率,标准差,5%分位,最差,1周最差,1周胜率,折扣,n,稳
SPY,标普500,美股宽基,0.020251675071249677,0.02555877526649608,0.7355491329479769,0.054130873550157846,-0.08002624156682235,-0.2741292931731756,-0.17969318256959588,0.6208393632416788,,692,1.3910720243291315
DSI,标普400 社会责任,美股宽基,0.020645006298191826,0.024367164795627727,0.7254335260115607,0.05672404131606714,-0.08474761736846241,-0.26987951807228916,-0.17879691336373205,0.6266280752532561,,692,1.366119434654659
ONEQ,纳斯达克综合,美股宽基,0.026741943800772505,0.03516121478452827,0.7297687861271677,0.06993040733505788,-0.1048786360075012,-0.2426526821807058,-0.18531976744186052,0.6005788712011577,,692,1.3546589362468342
QQQ,纳斯达克100,美股宽基,0.029450399615293124,0.03447332421340654,0.7128427128427128,0.07025627728555305,-0.09834090656623011,-0.21284700337069418,-0.1619641760007562,0.6161616161616161,,693,1.3273445191191955
DIA,道琼斯工业30,美股宽基,0.01667696868589443,0.020033062479978603,0.6979768786127167,0.05266932298537389,-0.0770441256981227,-0.3101333059182345,-0.18874780081083142,0.6092619392185239,,692,1.3189096315273108
XLK,科技,美股行业,0.031506819128589374,0.03083151642652604,0.7023121387283237,0.07588821330545825,-0.09817170122322352,-0.2317561326080264,-0.17042827259715954,0.597684515195369,,692,1.3064525762334238
VYM,美股高股息,美股宽基,0.014643934454900136,0.017947000690243575,0.6777456647398844,0.04858644525165195,-0.06382015004078649,-0.29320922360905444,-0.1970802919708029,0.5991316931982634,,692,1.2916711794389824
XLV,医疗,美股行业,0.018419105201742884,0.024081483867468,0.680635838150289,0.05190993993913701,-0.07048434208706386,-0.2146471880072568,-0.13197501791747723,0.5817655571635311,,692,1.2907873342135143
XLY,可选消费,美股行业,0.021985742122550625,0.02817542597457412,0.6893063583815029,0.0717534365952206,-0.10764572662364397,-0.29041869217500393,-0.17262109240810708,0.5803183791606368,,692,1.2709669901393619
XLF,金融,美股行业,0.01906914585018091,0.024742458649780752,0.6820809248554913,0.07092181158321718,-0.1037988494937328,-0.364549578742709,-0.22986767485822301,0.5759768451519537,,692,1.26036300021725
XLI,工业,美股行业,0.01891907464971557,0.020454924821060372,0.6604046242774566,0.0643765795280738,-0.08605205284302915,-0.34838631984585744,-0.20125872212340945,0.5890014471780028,,692,1.2347571957118841
IWM,罗素2000 小盘,美股宽基,0.017488269197607403,0.021449276000333417,0.6705202312138728,0.07639169114245035,-0.11177085170163997,-0.38010264979708763,-0.23995384197664948,0.5774240231548481,,692,1.2292696107261056
XLP,必需消费,美股行业,0.011856077785390792,0.014605015612691119,0.6257225433526011,0.04321090041105359,-0.05306570875522166,-0.17308606752258682,-0.15895534418829593,0.5774240231548481,,692,1.1983793779499805
IGF,全球基础设施,科技主题股,0.00902045012308237,0.013106989935704028,0.6170520231213873,0.05640990600747503,-0.0740162420872224,-0.37479575163398693,-0.2565963060686015,0.5615050651230101,,692,1.1600878041555522
XLC,通信,美股行业,0.01627482881381134,0.026902707621209387,0.6420765027322405,0.07827991975546833,-0.13058444814153222,-0.25653710247349826,-0.16410256410256407,0.5589041095890411,,366,1.1535685573229488
