标的,中文名,子类,8周均值,8周中位,胜率,标准差,5%分位,最差,1周最差,1周胜率,折扣,n
SPY,标普500,美股宽基,0.020251675071249677,0.02555877526649608,0.7355491329479769,0.054130873550157846,-0.08002624156682235,-0.2741292931731756,-0.17969318256959588,0.6208393632416788,,692
QQQ,纳斯达克100,美股宽基,0.029450399615293124,0.03447332421340654,0.7128427128427128,0.07025627728555305,-0.09834090656623011,-0.21284700337069418,-0.1619641760007562,0.6161616161616161,,693
ONEQ,纳斯达克综合,美股宽基,0.026741943800772505,0.03516121478452827,0.7297687861271677,0.06993040733505788,-0.1048786360075012,-0.2426526821807058,-0.18531976744186052,0.6005788712011577,,692
DIA,道琼斯工业30,美股宽基,0.01667696868589443,0.020033062479978603,0.6979768786127167,0.05266932298537389,-0.0770441256981227,-0.3101333059182345,-0.18874780081083142,0.6092619392185239,,692
IWM,罗素2000 小盘,美股宽基,0.017488269197607403,0.021449276000333417,0.6705202312138728,0.07639169114245035,-0.11177085170163997,-0.38010264979708763,-0.23995384197664948,0.5774240231548481,,692
IWN,罗素2000 小盘价值,美股宽基,0.015676659272713896,0.01786844166521262,0.6228323699421965,0.07668764135974498,-0.1013128647547457,-0.3959100524954948,-0.2498171846435101,0.5513748191027497,,692
DSI,标普400 社会责任,美股宽基,0.020645006298191826,0.024367164795627727,0.7254335260115607,0.05672404131606714,-0.08474761736846241,-0.26987951807228916,-0.17879691336373205,0.6266280752532561,,692
VYM,美股高股息,美股宽基,0.014643934454900136,0.017947000690243575,0.6777456647398844,0.04858644525165195,-0.06382015004078649,-0.29320922360905444,-0.1970802919708029,0.5991316931982634,,692
EFA,EAFE 发达市场,发达市场,0.009173553455083014,0.015030605875178127,0.6083815028901735,0.05914351964145603,-0.09215317975616837,-0.3190394511149227,-0.20417929494337206,0.5629522431259045,,692
VGK,欧洲,发达市场,0.009753616843613365,0.016494998733157074,0.5895953757225434,0.06571806672020322,-0.09567969570017888,-0.35161839863713795,-0.22004936396430608,0.5701881331403763,,692
EWG,德国,发达市场,0.010345487728436804,0.010979903530479507,0.5578034682080925,0.07836493697391002,-0.11504568936643848,-0.3907351460221551,-0.2299200609059764,0.5600578871201157,,692
EWU,英国,发达市场,0.005547021003263094,0.012386678382030891,0.5708092485549133,0.06310712127753419,-0.0911530603755096,-0.391496899911426,-0.21765704584040746,0.5672937771345875,,692
EPP,亚太除日本,发达市场,0.005682307520462963,0.00972230609078295,0.5736994219653179,0.06584168835934641,-0.09939417886808184,-0.348494419877869,-0.20357142857142851,0.5470332850940666,,692
EWJ,日本,发达市场,0.011298111792655779,0.012732273202737399,0.6011560693641619,0.05759562948149391,-0.09149532710280377,-0.2518370073480295,-0.15646770852946723,0.5658465991316932,,692
EWY,韩国,发达市场,0.018907377569211452,0.010478562471319619,0.5520231213872833,0.10807618660424138,-0.11901034257623692,-0.3895758334637659,-0.17151988636363646,0.5180897250361794,,692
EWT,台湾,发达市场,0.01988349918324238,0.017443560883626863,0.5997109826589595,0.08136268124671817,-0.11134107418005727,-0.2848131974769529,-0.14980741942023112,0.5557163531114327,,692
EWA,澳大利亚,发达市场,0.005026457194490286,0.008652568465402632,0.5621387283236994,0.07406540992405682,-0.10862584647890819,-0.40537084398976986,-0.25,0.5499276410998553,,692
EEM,新兴市场整体,新兴市场,0.007768346412159975,0.010816350400739694,0.5708092485549133,0.07221593448198921,-0.1116521623664481,-0.314769975786925,-0.1772028313400048,0.5383502170767004,,692
BKF,金砖四国,新兴市场,0.0030427624312216292,0.005759436830205189,0.5390173410404624,0.07961968310347632,-0.1328840165786869,-0.2789382071366405,-0.1630666983147402,0.5354558610709117,,692
FXI,中国大盘,新兴市场,0.004461367588433035,0.006047801963294797,0.523121387283237,0.092169002335923,-0.1408291747056092,-0.29869706840390875,-0.14787154592979845,0.5282199710564399,,692
EWZ,巴西,新兴市场,0.002408793073218842,-0.0033995553908613974,0.49277456647398843,0.13280428079498305,-0.19675043478080514,-0.522683293915287,-0.3251500272776868,0.5065123010130246,,692
INDA,印度,新兴市场,0.00838759135159595,0.014169877582167145,0.5882352941176471,0.07596105939000386,-0.11224923877617105,-0.3572837418991266,-0.18314899154196485,0.5368731563421829,,680
XLF,金融,美股行业,0.01906914585018091,0.024742458649780752,0.6820809248554913,0.07092181158321718,-0.1037988494937328,-0.364549578742709,-0.22986767485822301,0.5759768451519537,,692
XLE,能源,美股行业,0.011015504051424116,0.006221338431410484,0.5404624277456648,0.10902713230721343,-0.13742628524759173,-0.5546086956521739,-0.3455474128358872,0.532561505065123,,692
XLI,工业,美股行业,0.01891907464971557,0.020454924821060372,0.6604046242774566,0.0643765795280738,-0.08605205284302915,-0.34838631984585744,-0.20125872212340945,0.5890014471780028,,692
XLB,材料,美股行业,0.013249087082828796,0.016518357520182048,0.6170520231213873,0.06675680406457797,-0.0995453000594429,-0.2996347941567066,-0.20924308588064044,0.5643994211287988,,692
XLP,必需消费,美股行业,0.011856077785390792,0.014605015612691119,0.6257225433526011,0.04321090041105359,-0.05306570875522166,-0.17308606752258682,-0.15895534418829593,0.5774240231548481,,692
XLY,可选消费,美股行业,0.021985742122550625,0.02817542597457412,0.6893063583815029,0.0717534365952206,-0.10764572662364397,-0.29041869217500393,-0.17262109240810708,0.5803183791606368,,692
XLC,通信,美股行业,0.01627482881381134,0.026902707621209387,0.6420765027322405,0.07827991975546833,-0.13058444814153222,-0.25653710247349826,-0.16410256410256407,0.5589041095890411,,366
XLK,科技,美股行业,0.031506819128589374,0.03083151642652604,0.7023121387283237,0.07588821330545825,-0.09817170122322352,-0.2317561326080264,-0.17042827259715954,0.597684515195369,,692
XLV,医疗,美股行业,0.018419105201742884,0.024081483867468,0.680635838150289,0.05190993993913701,-0.07048434208706386,-0.2146471880072568,-0.13197501791747723,0.5817655571635311,,692
XLU,公用事业,美股行业,0.011880926957100213,0.012919190108109602,0.6054913294797688,0.05450709230544559,-0.07425605953750793,-0.23142941698727437,-0.19169376293230855,0.5687409551374819,,692
XLRE,房地产(标普),美股行业,0.007756034957618986,0.013480639119673676,0.6175298804780877,0.0631839949425273,-0.1071604434642564,-0.2742626670027729,-0.1713045698238448,0.5528942115768463,,502
VNQ,房地产(全市场),美股行业,0.007467918817462399,0.011668832812484764,0.5982658959537572,0.062139910919023274,-0.08825198275082681,-0.3387028848178564,-0.20767396488185574,0.5586107091172214,,692
XHB,住宅建筑,美股行业,0.020985346064122383,0.023579056397512788,0.6286127167630058,0.09370010139530137,-0.12692541316084832,-0.4396927548266556,-0.2406947890818859,0.5195369030390738,,692
XBI,生物科技,美股行业,0.027512295197032223,0.031075598663007242,0.6054913294797688,0.1158268039649331,-0.1840976856951713,-0.32062880023728313,-0.23563714902807764,0.5412445730824892,,692
XME,金属与矿业,资源主题股,0.016026752181996614,0.0036828097296290885,0.5187861271676301,0.13910515468187876,-0.17972285333156765,-0.4384341637010677,-0.28532608695652173,0.5296671490593343,,692
GDX,金矿,资源主题股,0.015840708750632336,0.0002632964718273234,0.5,0.147818780013247,-0.1970395163007574,-0.3116182572614108,-0.2518443997317237,0.5036179450072359,,692
SIL,银矿,资源主题股,0.014565697991790706,-0.008045602211325442,0.47832369942196534,0.16643135912838863,-0.2125016436771864,-0.34796437659033086,-0.24639140651225244,0.5021707670043415,,692
SLX,钢铁,资源主题股,0.015372057807819476,0.00864233250564217,0.5303468208092486,0.13196518100014246,-0.18258341091809271,-0.4830188679245283,-0.2915091096596769,0.5267727930535456,,692
URA,铀,资源主题股,0.003832059230308274,-0.009925747979908361,0.46098265895953755,0.1507532414001388,-0.20319269332107306,-0.3311985361390668,-0.20079522862823074,0.46888567293777134,,692
MOO,农业,资源主题股,0.009196485834806185,0.011341076632141456,0.6011560693641619,0.06176344432977303,-0.09753301490296648,-0.3293807641633728,-0.2029489728296885,0.557163531114327,,692
IGE,自然资源,资源主题股,0.008538706683662651,0.010339060899497432,0.5447976878612717,0.09465224809098167,-0.13665262218697335,-0.4962251201098147,-0.3304491141326741,0.5383502170767004,,692
PIO,水,资源主题股,0.011263174962272868,0.016256461957973367,0.6054913294797688,0.06099793755401584,-0.09244327385291318,-0.2749017758918749,-0.19064986737400536,0.5716353111432706,,692
BLOK,区块链/数字支付,科技主题股,0.031088653212059166,0.021727256164567166,0.5541237113402062,0.1780823131721493,-0.24907479354171133,-0.4325564971751412,-0.21491820915285087,0.5607235142118863,,388
HACK,网络安全,科技主题股,0.022689571405728727,0.029093931837073983,0.6398537477148081,0.09055524480639644,-0.13448344496398337,-0.29715585893060303,-0.1883035039072346,0.5622710622710623,,547
IGF,全球基础设施,科技主题股,0.00902045012308237,0.013106989935704028,0.6170520231213873,0.05640990600747503,-0.0740162420872224,-0.37479575163398693,-0.2565963060686015,0.5615050651230101,,692
MJ,大麻,科技主题股,-0.02776443360211262,-0.061220811689544075,0.3538135593220339,0.20021883986438432,-0.2721543895484914,-0.47181171319102355,-0.2780203784570596,0.4349680170575693,,472
ROBO,机器人与自动化,科技主题股,0.019627531746904597,0.02642918701522534,0.6339434276206323,0.08673531047412376,-0.123600165906263,-0.3150999770167777,-0.20083355040375095,0.5716666666666667,,601
SOCL,社交媒体,科技主题股,0.018204228934425925,0.02074330164217808,0.5803183791606368,0.10627488841788248,-0.16392595839177188,-0.29428961216137206,-0.17131828978622332,0.5442670537010159,,691
ERTH,环保可持续,科技主题股,0.014969282034224743,0.015653775322283625,0.5958395245170877,0.07304765715904901,-0.10624608063114283,-0.22854731965585695,-0.11015604337476859,0.5714285714285714,,673
PSP,上市私募股权,科技主题股,0.005233349633269001,0.010882302229422658,0.5722543352601156,0.08055414646607269,-0.12772261470039525,-0.4353120243531202,-0.23554788610871447,0.5586107091172214,,692
PBD,清洁能源,科技主题股,0.017530732617975414,0.015506464365851014,0.5563583815028902,0.11339384968489467,-0.1507762773548853,-0.3326803787136793,-0.2434720416124837,0.5615050651230101,,692
TAN,太阳能,科技主题股,0.02450671575952692,0.006347440959912576,0.5130057803468208,0.1679022788199942,-0.2176228226989407,-0.34305859469973266,-0.3073310722671536,0.5137481910274964,,692
FAN,风能,科技主题股,0.017320787039278435,0.016115269391654308,0.5910404624277457,0.08588554972721364,-0.12211904007603352,-0.2854278074866311,-0.23282188125416947,0.5687409551374819,,692
LIT,锂电与电池,科技主题股,0.021144588942423513,0.005840951790418991,0.5216763005780347,0.1239535503401005,-0.15280948882821077,-0.35935935935935936,-0.23257395443726625,0.5296671490593343,,692
REMX,稀土,科技主题股,0.005041706197292094,-0.008786944545584097,0.47832369942196534,0.15533963224402067,-0.21349017923293506,-0.37109905020352785,-0.19744835965978125,0.49782923299565845,,692
AGG,美国综合债券,债宽基,-0.001191950616301987,-9.067796036038578e-05,0.49277456647398843,0.017143023778831524,-0.030660831628450652,-0.07843716169668336,-0.058717948717948776,0.507959479015919,,692
LQD,投资级公司债,信用债,-0.0005418486356050099,0.0006596663268541025,0.5173410404624278,0.028934815466989925,-0.04817022571103059,-0.18992905613818634,-0.11549422528873565,0.5094066570188133,,692
HYG,高收益债,信用债,-0.0014854702212422283,0.0010900726371088076,0.5274566473988439,0.02589471436799493,-0.04683015428424445,-0.19223366919506402,-0.09776796093931639,0.5354558610709117,,692
SHY,1-3年美债,国债短,-0.0004037188544241518,-0.0002385598847696735,0.434971098265896,0.005278668697614658,-0.00851794580223885,-0.024202287778446574,-0.0080761812921889,0.4732272069464544,,692
IEF,7-10年美债,国债中长,-0.0008069378388670624,-0.0009615725941783393,0.48554913294797686,0.02381201104339627,-0.03970451848725196,-0.09470381287439389,-0.03241869918699203,0.5050651230101303,,692
TLT,20年+美债,国债长,-0.0017273604026794703,-0.0023641232322344496,0.48121387283236994,0.050707213309041134,-0.09068773915930418,-0.1867628938567153,-0.0712754555198285,0.5065123010130246,,692
GLD,黄金,贵金属,0.010382579812823194,0.004282068518878024,0.5245664739884393,0.06333844094677762,-0.08289489436501092,-0.1707609725292074,-0.13702681388012616,0.5296671490593343,,692
SLV,白银,贵金属,0.013424144108114766,-0.007929628188647564,0.4624277456647399,0.1324797042329747,-0.1434719435411333,-0.3581061128063787,-0.24244512255143236,0.5094066570188133,,692
USO,原油,能源,0.003281264857424901,0.0077350270004908905,0.5187861271676301,0.16010558821055987,-0.2627209312687586,-0.7546826222684704,-0.3895486935866984,0.5209840810419681,,692
UNG,天然气,能源,-0.01730579015136472,-0.03539046191725098,0.4046242774566474,0.18295752329235518,-0.2832070352193371,-0.5839210155148096,-0.2597109304426377,0.4717800289435601,,692
DBA,农产品,农产品,-0.0005001540761266325,-0.005838323424647629,0.4624277456647399,0.04919673117432256,-0.07390276432100099,-0.15623100303951354,-0.10173323285606628,0.47901591895803186,,692
USCI,商品指数(USCI),商品宽基,0.007080363690579336,0.004427937267349913,0.5303468208092486,0.0627801694379064,-0.08009179335506099,-0.2949257078777685,-0.13060057197330788,0.5137481910274964,,692
DBC,商品指数(DBC),商品宽基,0.004216521217690162,0.004128788273313422,0.5289017341040463,0.076015870537214,-0.11899846125524062,-0.2850678733031674,-0.13251267197682837,0.516642547033285,,692
IBIT,比特币,加密,0.02413925375374835,0.00273972602739736,0.5130434782608696,0.18778092828141063,-0.2195373716780445,-0.2520153550863724,-0.20500782472613466,0.5478260869565217,,115
UUP,美元(做多),美元,0.003006734021604489,0.00334271340399106,0.5476878612716763,0.026329636526697033,-0.03933966356132814,-0.07498341074983417,-0.04184373978424327,0.5238784370477568,,692
UDN,美元(做空),美元,-0.0036137458431418096,-0.003334230343348954,0.44508670520231214,0.02735329515132352,-0.04888710104345158,-0.09696641386782223,-0.05326032852165263,0.4544138929088278,,692
FXY,日元,其他货币,-0.007336048761664216,-0.005539289836687389,0.41763005780346824,0.03762145098808304,-0.07571678229856374,-0.12067517635203229,-0.06040971891376845,0.44573082489146165,,692
FXE,欧元,其他货币,-0.0017062726302714381,-0.0028015875512478194,0.4667630057803468,0.029313076709267215,-0.050031432844412346,-0.11035784776452418,-0.048724536612222424,0.4717800289435601,,692
FXB,英镑,其他货币,-0.0014547354030341637,1.2394132199555763e-05,0.5,0.03180164172843358,-0.05274487922475905,-0.12172137584419662,-0.10525230303863609,0.5065123010130246,,692
FXF,瑞郎,其他货币,0.0007909907400038683,-0.0011413971717152416,0.4797687861271676,0.028402105821339303,-0.044311725214615384,-0.10614224137931028,-0.04700770294291923,0.4703328509406657,,692
FXC,加元,其他货币,-0.0033130928845368033,-0.001866129352872281,0.4624277456647399,0.026878845633397656,-0.04953839135613605,-0.09413228639872229,-0.04292885264341961,0.47756874095513746,,692
FXA,澳元,其他货币,-0.0037295536652617216,-0.0031646317440163774,0.45375722543352603,0.037344670276287156,-0.06037692839915827,-0.15887260467950604,-0.08666137734052692,0.48480463096960924,,692
