行业,板块,累计收益(%),年化收益(%),年化波动(%),夏普比率,最大回撤(%),最大回撤时点,月胜率(%),月均正收益(%),月均负收益(%)
农林牧渔,消费,-25.28,-5.76,18.41,-0.45,-46.15,2024-09,49.2,3.71,-4.28
基础化工,周期,10.24,2.0,24.46,-0.02,-47.29,2024-02,57.6,5.2,-6.11
钢铁,周期,12.41,2.41,23.82,-0.0,-49.51,2024-09,50.8,5.78,-5.11
有色金属,周期,79.75,12.67,27.48,0.37,-39.24,2024-02,50.8,7.07,-4.68
电子,成长,30.12,5.5,32.29,0.09,-51.74,2024-02,52.5,7.53,-6.51
汽车,消费,30.94,5.64,28.61,0.11,-36.17,2024-02,57.6,6.12,-6.47
家用电器,消费,-8.39,-1.77,21.46,-0.2,-41.05,2022-10,52.5,4.13,-4.5
食品饮料,消费,-41.93,-10.47,24.78,-0.52,-50.07,2024-09,45.8,4.88,-5.34
纺织服饰,消费,-1.46,-0.3,21.77,-0.13,-36.86,2024-09,50.8,4.88,-4.7
轻工制造,消费,-11.03,-2.35,24.72,-0.2,-45.25,2024-09,54.2,4.81,-5.59
医药生物,消费,-32.92,-7.8,22.74,-0.45,-51.26,2024-09,44.1,5.2,-4.92
公用事业,稳定,27.98,5.15,14.34,0.18,-17.78,2022-04,54.2,3.35,-2.88
交通运输,稳定,-5.39,-1.12,15.15,-0.24,-24.22,2024-02,47.5,3.38,-3.05
房地产,金融,-40.73,-10.09,25.69,-0.49,-56.51,2024-08,42.4,5.78,-5.33
商贸零售,消费,-22.88,-5.15,23.77,-0.32,-53.31,2024-09,45.8,5.1,-4.7
社会服务,消费,-24.02,-5.43,27.26,-0.29,-53.51,2024-09,49.2,5.93,-6.06
综合,综合,64.56,10.66,26.09,0.31,-42.49,2024-07,55.9,5.64,-4.62
建筑材料,周期,-34.89,-8.36,22.78,-0.48,-58.31,2024-09,45.8,4.84,-5.04
建筑装饰,周期,10.87,2.12,20.19,-0.02,-33.96,2024-09,49.2,4.69,-3.87
电力设备,成长,13.68,2.64,32.08,0.0,-59.53,2024-02,50.8,7.77,-6.75
国防军工,成长,7.07,1.4,28.83,-0.04,-48.22,2024-02,49.2,6.7,-5.59
计算机,成长,1.65,0.33,33.57,-0.06,-44.07,2024-08,49.2,7.24,-6.08
传媒,成长,9.45,1.85,30.3,-0.02,-38.86,2024-08,47.5,7.3,-5.61
通信,成长,153.0,20.78,29.29,0.62,-28.15,2024-02,54.2,7.32,-4.48
银行,金融,15.64,3.0,16.31,0.03,-31.3,2022-10,52.5,3.49,-3.11
非银金融,金融,-8.99,-1.9,22.61,-0.19,-37.9,2024-07,45.8,4.78,-3.97
机械设备,周期,27.96,5.14,28.69,0.09,-38.24,2024-02,50.8,6.83,-5.53
煤炭,周期,15.48,3.66,17.61,0.07,-22.58,2023-08,47.9,4.33,-3.17
石油石化,周期,-1.78,-0.45,17.51,-0.17,-18.14,2022-04,47.9,4.1,-3.6
环保,稳定,-14.88,-3.95,26.45,-0.24,-41.9,2024-02,47.9,6.13,-5.74
美容护理,消费,-44.02,-13.5,27.04,-0.59,-51.59,2024-09,37.5,6.53,-5.39
