,2022加息周期收益
AGG,-0.13786407766990283
BKF,-0.17291787224571553
BLOK,-0.35788177339901484
DBA,0.1148957803762074
DBC,0.18312559923298188
DIA,-0.02764712316779705
DSI,-0.06524533961859869
EEM,-0.14735772357723576
EFA,-0.05972976385907314
EPP,-0.08228905597326663
ERTH,-0.21765805877114863
EWA,-0.060715721753116236
EWG,-0.11580217129071158
EWJ,-0.05385648217216166
EWT,-0.28718177757927643
EWU,-0.006859528780196911
EWY,-0.1321602876958644
EWZ,0.23793859649122795
FAN,-0.16885644768856456
FXA,-0.06675315568022444
FXB,-0.04635865792518323
FXC,-0.033519916688362295
FXE,-0.032288789408515095
FXF,0.0406425293217747
FXI,-0.16771545827633372
FXY,-0.19692496924969238
GDX,0.005120000000000013
GLD,0.08328877799560375
HACK,-0.14528240287300032
HYG,-0.1318845578935265
IBIT,
IEF,-0.15965944000702192
IGE,0.3029071584870273
IGF,-0.00041814760610492385
INDA,-0.03907256333190212
IWM,-0.1180987040653293
IWN,-0.10013684774201215
LIT,-0.22413592458978238
LQD,-0.1774082831210435
MJ,-0.7112860892388451
MOO,-0.08007154882154877
ONEQ,-0.08626560726447219
PBD,-0.27479927007299265
PIO,-0.14484679665738154
PSP,-0.276952872821175
QQQ,-0.04481179047998407
REMX,-0.2777679518924655
ROBO,-0.15855394249928845
SHY,-0.05056179775280889
SIL,-0.2297447280799112
SLV,0.07129367327667624
SLX,0.32938863807373964
SOCL,-0.2464384828862165
SPY,-0.041698938686650866
TAN,-0.12676774111351752
TLT,-0.3066528066528067
UDN,-0.05221282943809058
UNG,-0.4432263116679718
URA,-0.060819197352089516
USCI,0.3427791733272436
USO,0.33448841874886015
UUP,0.09422256688639008
VGK,-0.07838583248657283
VNQ,-0.2592528236316246
VYM,-0.0205078125
XBI,-0.2698371448371447
XHB,0.004875148632580428
XLB,-0.04148496030414861
XLC,-0.12055740219892597
XLE,0.5288360713037401
XLF,-0.1062484189223375
XLI,0.05222031637125979
XLK,0.016123518687328975
XLP,-0.017509727626459082
XLRE,-0.2559906487434249
XLU,-0.05361930294906181
XLV,-0.037937464142283384
XLY,-0.17388616803765866
XME,0.18335529205094425
