子类,冲击当天,后1-5日,后6-21日,后22-42日,后22-42日_排名
债宽基,-0.005263600396524556,-0.0002969460169681894,0.0001419935935565446,-0.0017130943708287103,15
新兴市场,-0.0023044075943827753,-0.003921430474133184,0.003036562893428742,0.001840527326411034,10
科技主题股,-0.007359402990848444,-0.0045263577628957925,0.00635714845672866,0.004626648906751918,7
农产品,-0.00035748460248867796,0.0014951384904069434,0.00018132969543811417,0.0025777222932111665,9
商品宽基,-0.0002323162701600985,-0.00025355823510808846,0.002711046235772871,0.004398140970595578,8
美股宽基,0.00036026827307765957,-0.0012555935765878985,0.009861277959237351,0.010774100357124543,2
发达市场,-0.002412489468650431,-0.0028027385461809654,0.008209207765887733,0.006376151549445504,6
其他货币,-0.004313813914700288,-0.001521361840860964,0.00011631043996556717,-0.0011769694917464224,13
资源主题股,-0.004835763946569432,-0.0033959370994173827,0.01215784565656993,0.007541512494498694,4
贵金属,-0.007989350148925352,-0.0013241942438862976,0.007461740293799906,0.006864866299096757,5
信用债,-0.005133516519504319,-0.001067997164232339,0.0017335855205298264,-0.001507684789437593,14
加密,0.005231043366660505,0.006002759998392723,0.03347226155259977,0.04989057278113948,1
国债中长,-0.007174214321895791,-2.3806287503324755e-05,-0.0004963873131341508,-0.0022913701353699345,16
国债短,-0.0010979023881540232,1.577613750541477e-05,1.9783262152716592e-06,-0.0004784616320007212,11
国债长,-0.016466764923457847,0.00012240923830425757,-0.0015975414027357263,-0.006031592968160451,18
美元,0.00018363035475402938,-0.00011571900789481326,-4.703977418753773e-06,-0.000898937058833549,12
能源,0.0008399785973520881,-0.0018792242346107753,-0.007250673835254793,-0.002552372095392212,17
美股行业,-0.0026246626523590386,-0.0015119901576576829,0.009804538284894599,0.008583508083864934,3
