标的,中文名,子类,入场折扣,状态超额,基线预期,等权合计
IBIT,比特币,加密,0.06923791821561354,,,0.06923791821561354
BLOK,区块链/数字支付,科技主题股,0.06800592787749049,,,0.06800592787749049
SLV,白银,贵金属,0.050482033304119156,-0.0349099059315866,0.013818798616684674,0.015572127372532558
SIL,银矿,资源主题股,0.046959199384141614,,,0.046959199384141614
EWY,韩国,发达市场,0.032870001139341465,,,0.032870001139341465
XLK,科技,美股行业,0.030826945033436637,-0.008017518450042293,0.03151436001192618,0.022809426583394344
EWT,台湾,发达市场,0.029889298892988858,,,0.029889298892988858
GDX,金矿,资源主题股,0.028879310344827713,-0.03709178685694628,0.01635165465219448,-0.008212476512118566
GLD,黄金,贵金属,0.024072088630213928,-0.0194735444412067,0.009959512117476688,0.0045985441890072296
QQQ,纳斯达克100,美股宽基,0.023739925076626145,-0.008074164026141164,0.029220883817818618,0.01566576105048498
TAN,太阳能,科技主题股,0.023307933662034985,,,0.023307933662034985
REMX,稀土,科技主题股,0.021446531578168893,,,0.021446531578168893
ONEQ,纳斯达克综合,美股宽基,0.020126553723227802,,,0.020126553723227802
EEM,新兴市场整体,新兴市场,0.0199330493000609,,,0.0199330493000609
XBI,生物科技,美股行业,0.01647425087559995,,,0.01647425087559995
PBD,清洁能源,科技主题股,0.01581267965600497,,,0.01581267965600497
FAN,风能,科技主题股,0.015197568389057725,,,0.015197568389057725
BKF,金砖四国,新兴市场,0.014084507042253724,,,0.014084507042253724
DSI,标普400 社会责任,美股宽基,0.01360212053571419,,,0.01360212053571419
SPY,标普500,美股宽基,0.012636518941483876,-0.003912053442817535,0.019831033445651333,0.008724465498666342
ROBO,机器人与自动化,科技主题股,0.012119649303764746,,,0.012119649303764746
INDA,印度,新兴市场,0.01179941002949847,,,0.01179941002949847
FXI,中国大盘,新兴市场,0.011792452830188704,,,0.011792452830188704
ERTH,环保可持续,科技主题股,0.01085692217864831,,,0.01085692217864831
LIT,锂电与电池,科技主题股,0.009305654974946398,,,0.009305654974946398
EWA,澳大利亚,发达市场,0.009126009126009249,,,0.009126009126009249
EPP,亚太除日本,发达市场,0.008146270818247592,,,0.008146270818247592
XLY,可选消费,美股行业,0.0077146487565800115,,,0.0077146487565800115
URA,铀,资源主题股,0.006768189509306355,,,0.006768189509306355
IGE,自然资源,资源主题股,0.0066957334163813,,,0.0066957334163813
XLI,工业,美股行业,0.006164424159800896,,,0.006164424159800896
FXA,澳元,其他货币,0.005247762758400665,,,0.005247762758400665
UNG,天然气,能源,0.004826254826254983,0.07778745510009125,-0.017945363297446934,0.08261370992634623
TLT,20年+美债,国债长,0.0045746785361029385,-0.016335570243932715,-0.003650179285265966,-0.011760891707829776
XLE,能源,美股行业,0.004372950179603263,0.012606653385392663,0.012615360958007712,0.016979603564995928
XLV,医疗,美股行业,0.0036955355546282043,,,0.0036955355546282043
DIA,道琼斯工业30,美股宽基,0.0035896792820129253,,,0.0035896792820129253
FXF,瑞郎,其他货币,0.0032774604363703386,,,0.0032774604363703386
IGF,全球基础设施,科技主题股,0.0028575964438799506,,,0.0028575964438799506
LQD,投资级公司债,信用债,0.002393489707994245,,,0.002393489707994245
VYM,美股高股息,美股宽基,0.0022805375043106757,,,0.0022805375043106757
AGG,美国综合债券,债宽基,0.0015655985805238526,,,0.0015655985805238526
HYG,高收益债,信用债,0.0014027033919918885,,,0.0014027033919918885
FXE,欧元,其他货币,0.0013226263580539133,,,0.0013226263580539133
UDN,美元(做空),美元,0.001105583195135429,,,0.001105583195135429
EWZ,巴西,新兴市场,0.0010672358591250486,,,0.0010672358591250486
IEF,7-10年美债,国债中长,0.0007715198941915524,-0.0069478333627754395,-0.001826684810605136,-0.006176313468583887
FXB,英镑,其他货币,0.0007521764941738063,,,0.0007521764941738063
MJ,大麻,科技主题股,0.0007367387033399009,,,0.0007367387033399009
IWM,罗素2000 小盘,美股宽基,0.000633981403212136,-7.53740198106631e-05,0.017789563162185437,0.0005586073834014729
SHY,1-3年美债,国债短,0.0,,,0.0
EWJ,日本,发达市场,-0.00010308215647880647,,,-0.00010308215647880647
FXC,加元,其他货币,-0.00022632017715995545,,,-0.00022632017715995545
UUP,美元(做多),美元,-0.00035211267605628205,,,-0.00035211267605628205
EFA,EAFE 发达市场,发达市场,-0.0004760997905161046,,,-0.0004760997905161046
PSP,上市私募股权,科技主题股,-0.0006824773929363648,,,-0.0006824773929363648
XME,金属与矿业,资源主题股,-0.0008274340351198672,,,-0.0008274340351198672
SLX,钢铁,资源主题股,-0.0009228914754962902,0.0022246971567357852,0.01966949501392841,0.001301805681239495
PIO,水,资源主题股,-0.000986914077956924,,,-0.000986914077956924
XLF,金融,美股行业,-0.0012515644555695093,,,-0.0012515644555695093
IWN,罗素2000 小盘价值,美股宽基,-0.0012971370332622856,,,-0.0012971370332622856
USCI,商品指数(USCI),商品宽基,-0.0018741412823938264,0.008842344495275361,0.007491268412399253,0.0069682032128815345
VGK,欧洲,发达市场,-0.002255890270181693,,,-0.002255890270181693
EWU,英国,发达市场,-0.0040033712600083815,,,-0.0040033712600083815
FXY,日元,其他货币,-0.004087193460490468,,,-0.004087193460490468
XHB,住宅建筑,美股行业,-0.004235537190082628,,,-0.004235537190082628
XLU,公用事业,美股行业,-0.005324298160697016,,,-0.005324298160697016
VNQ,房地产(全市场),美股行业,-0.0060975609756098725,,,-0.0060975609756098725
XLP,必需消费,美股行业,-0.0063602544101764025,,,-0.0063602544101764025
XLRE,房地产(标普),美股行业,-0.006540527914038807,,,-0.006540527914038807
EWG,德国,发达市场,-0.006599104407259082,,,-0.006599104407259082
HACK,网络安全,科技主题股,-0.006613092248451302,,,-0.006613092248451302
DBC,商品指数(DBC),商品宽基,-0.006936067551266523,0.009342256838451034,0.004888492048990799,0.002406189287184512
XLB,材料,美股行业,-0.007347100873709267,,,-0.007347100873709267
MOO,农业,资源主题股,-0.007621057568296452,,,-0.007621057568296452
SOCL,社交媒体,科技主题股,-0.01002167712492863,,,-0.01002167712492863
USO,原油,能源,-0.015047704424665409,0.017426647175958328,0.005334758561913277,0.0023789427512929187
XLC,通信,美股行业,-0.01938053097345127,,,-0.01938053097345127
DBA,农产品,农产品,-0.023247744621790467,,,-0.023247744621790467
