子类,R²_TLT,R²_USO,R²_SPY
信用债,0.1738005037898266,0.013282141277697113,0.43188102684094554
债宽基,0.7189332273263982,0.07094699327354803,0.04046751622588862
其他货币,0.01828260118618219,0.05025299295520058,0.10100383320302386
农产品,0.07769214581444261,0.17498982405668873,0.06588914549993152
加密,0.23486495626441783,0.0010930998456744057,0.1498592544089331
发达市场,0.012984374818940991,0.14595720067224804,0.6289289171188079
商品宽基,0.20812751717609979,0.7218939492201142,0.12544384987486168
国债中长,0.8762887245830873,0.17574965935252473,0.01466628239810841
国债短,0.4553549415194228,0.12807476018877406,0.014355688666374267
国债长,1.0,0.19091749842567762,0.01637912143621656
新兴市场,0.005988294342700429,0.12062196220634513,0.3628460166599031
科技主题股,0.01517657152742713,0.11508949274744129,0.613549497937202
美元,0.003082334152522237,0.001025261656763865,0.0010755095012482396
美股宽基,0.03182476467392792,0.10119020753495211,0.9637636928367483
美股行业,0.007030193838508891,0.08550895026863259,0.8936181898505997
能源,0.12103313274684713,0.508737825813844,0.018934444094360847
贵金属,0.02151232877069653,0.007075861998792066,0.03029860410670937
资源主题股,0.021612264244263213,0.14808734977292914,0.3678165838625642
