子类,1周均值,1周中位,胜率,最差,全状态1周均值,有效t
能源,0.0036826207427079374,0.0014544101824469635,0.5098039215686274,-0.1264730084522538,-0.0010356231101872275,0.4525255639522855
美股宽基,0.0024892299065746404,0.003824919747951655,0.5833333333333334,-0.08213730471076611,0.002625421273347131,0.5406989601211133
科技主题股,0.0023718834073084495,0.005645530871449035,0.5882352941176471,-0.10182190145332157,0.0021280778293483655,0.35758411801974255
美股行业,0.001852890537674137,0.0036482720660738007,0.5833333333333334,-0.0838885955007354,0.002192337560560158,0.44682663421153784
商品宽基,0.0017764774462379629,0.0018980864487729843,0.5343137254901961,-0.10334996779654121,0.0006980631826436457,0.33345333226563206
发达市场,0.0009758466734023736,0.0018431042954525417,0.5392156862745098,-0.08354593521444749,0.0014995814706753327,0.20499754299496126
资源主题股,0.0006403955468341474,0.0039018332257644353,0.5588235294117647,-0.1097938442269141,0.0018015577663885454,0.09931488731521548
农产品,0.0003464905017276844,-0.0002030044660982222,0.47058823529411764,-0.0535714285714286,-0.000187033337714134,0.09212142166231774
新兴市场,0.0001610323901241583,0.0018442789489777844,0.5294117647058824,-0.09180540640110617,0.0009604979005308283,0.027489372135587945
美元,9.131337292770479e-05,-1.9407310213048756e-06,0.4950980392156863,-0.001224662997168613,-6.668092963260751e-05,0.9168814465343162
国债短,-0.00019027437852433014,0.0,0.44607843137254904,-0.0080761812921889,-6.914179146543282e-05,-0.550808593813308
债宽基,-0.0008035873774200228,-0.0006971940553151534,0.44607843137254904,-0.023961063272182725,-0.00022198122613307608,-0.6480631933281965
其他货币,-0.0008826828059498596,-0.0009051776447297581,0.46078431372549017,-0.02368192080888935,-0.0003868994809358353,-0.5088210446811501
国债中长,-0.0009588819283968999,-0.0005762291440896683,0.45588235294117646,-0.032086070646481946,-0.00020588555958355047,-0.5667411208879783
信用债,-0.0009645307399930986,2.3516219977370856e-05,0.5,-0.0398658858589665,-0.00017386433743473472,-0.5542392435497621
国债长,-0.0021465627701758375,-0.0019032610552005003,0.46078431372549017,-0.06328921344895788,-0.00043027401082241075,-0.6124953428533242
贵金属,-0.0023979832328991486,-0.00031362358725284256,0.4950980392156863,-0.09217822209023951,0.0015396626467270873,-0.4305993118606345
加密,-0.00368589255914794,0.006917542888766004,0.5641025641025641,-0.1799183281287533,0.00291399944603299,-0.1432259307120751
