标的,中文名,8周均值,8周中位,胜率,5%分位,最差,有效t,无条件均值,超额,n
UNG,天然气,0.060083962301010686,0.039288902926279956,0.5686274509803921,-0.230887401688682,-0.4191934979681151,1.5034171035331558,-0.017747650954108154,0.07783161325511884,204
USO,原油,0.023802801990047924,0.014660894032954341,0.5245098039215687,-0.16294324722189923,-0.346235045742435,0.8977177486618214,0.005692256979673662,0.018110545010374263,204
XLE,能源,0.025507086619797944,0.015553316382912463,0.5784313725490197,-0.13287960160440962,-0.2080624187256177,1.2337268218253497,0.012725409788132901,0.012781676831665043,204
DBC,商品指数(DBC),0.014894570459809029,0.0027559751142589572,0.5147058823529411,-0.10155829333544267,-0.18405511811023623,0.9671951084543887,0.005113627130796956,0.009780943329012073,204
USCI,商品指数(USCI),0.016801231838393032,0.006227850459571527,0.553921568627451,-0.08077828753191693,-0.15695353664378098,1.235203054787899,0.007653378220115948,0.009147853618277083,204
SLX,钢铁,0.021805177867861937,0.00878440359024557,0.5245098039215687,-0.14156837738261066,-0.2118846582762467,0.9126847005901347,0.0196447139554293,0.0021604639124326377,204
IWM,罗素2000 小盘,0.017436035213943726,0.02003408642711868,0.6764705882352942,-0.1145725701555373,-0.18310294572274,1.1594534627313458,0.01770119803711585,-0.00026516282317212356,204
SPY,标普500,0.016019262666351373,0.02581005319164953,0.75,-0.10113011537785264,-0.1570592367127137,1.472277722384008,0.01985676534287492,-0.0038375026765235486,204
IEF,7-10年美债,-0.008908072822158884,-0.006114851416538392,0.37745098039215685,-0.057723160470231974,-0.09470381287439389,-1.7844637441985531,-0.0018798620761005485,-0.007028210746058335,204
XLK,科技,0.024076456389568242,0.028270034414136558,0.6911764705882353,-0.13836132761428716,-0.2116061350507935,1.4073087510475617,0.0316857813282521,-0.0076093249386838605,204
QQQ,纳斯达克100,0.02151998261590411,0.03195584424391118,0.6862745098039216,-0.14129996011151574,-0.21284700337069418,1.420658975353547,0.02932674921768813,-0.007806766601784022,204
TLT,20年+美债,-0.02010773994754474,-0.012921018526197425,0.35294117647058826,-0.11388005944958994,-0.1867628938567153,-2.0968717765239107,-0.003714287552119045,-0.016393452395425695,204
GLD,黄金,-0.00915539042154818,-0.016435255121784065,0.3872549019607843,-0.10771831992144038,-0.1707609725292074,-0.7369346475322719,0.010043010412350542,-0.019198400833898722,204
SLV,白银,-0.020375211474629954,-0.026797648752329706,0.36764705882352944,-0.15937175408107804,-0.29585485366176667,-1.0572987742330027,0.013991633524124636,-0.03436684499875459,204
GDX,金矿,-0.019360295624742056,-0.03791667342316768,0.37254901960784315,-0.19698081989185182,-0.2983558994197292,-0.7157729794908532,0.016731739995063905,-0.036092035619805965,204
