时间段,窗口,USO,XLE,SPY
2012-12~2013-02,10,-0.00416110175496256,0.05098450722811634,0.048818205831821636
2013-05~2013-10,26,0.00793388614267738,0.02181681347409485,0.02984235909667334
2013-11~2013-12,5,0.022355235378947215,-0.017068049213833803,-0.0005567211798847449
2017-01~2017-03,10,-0.07435351835493334,-0.051315219418915835,0.02262792293402601
2017-12~2018-08,31,0.04333739384539826,0.014781801905137244,0.018978784570798386
2018-09~2018-10,7,-0.26035180997716917,-0.1391842363402885,-0.06940062906945396
2020-10~2021-08,40,0.11051727394591704,0.08589239522670221,0.04602457837857128
2022-01~2022-08,33,0.037549620689649066,0.05153069685493267,-0.03661583351081118
2025-01~2025-02,6,-0.08738194100144742,-0.028714327954115253,-0.0759477843557641
2025-03~2025-04,4,-0.10290097339407839,-0.10260389691154395,0.030442419963596645
2025-06~2025-07,3,-0.05736375512914279,-0.016771720243448678,0.06011246402803202
2025-09~2025-09,4,-0.05774326831218454,-0.006648082679209272,0.036432999084529294
2026-03~2026-07,20,0.05152603464630763,0.03328899498566827,0.04809134202653899
