子类,近5日,近21日,近63日,近126日,近252日
信用债,0.0013760263975398646,-0.016175407692992083,-0.029281850220725658,-0.027653134623321307,-0.04838550952533471
债宽基,-0.00020837674515539195,-0.019014516458801922,-0.029726996966633057,-0.03548095285958386,-0.04583871929999006
其他货币,-0.010406576055868366,-0.011070506125976784,0.008190212818917483,-0.010845564163703877,-0.01762096700855975
农产品,-0.026961631524369256,-0.004948745139625288,0.057078482914006745,0.04375231738969232,0.03568800588668131
加密,0.051405071967100646,0.1866941722537392,0.2919708029197081,0.1557006529382221,-0.299223389675651
发达市场,-0.016236717412441346,-0.009102867349999853,-0.005412666206624789,0.15296004856546952,0.3069476895552965
商品宽基,-0.0038750421059483564,0.06112385385470287,0.18995686178375948,0.15644438321379373,0.44139247932394776
国债中长,-0.002307438742995327,-0.027629042621546307,-0.03772785078423058,-0.051598078128264,-0.06382101247551297
国债短,-0.0015976404080129125,-0.00999268827687072,-0.009147457006952076,-0.015153351921445068,-0.020732883317261308
国债长,0.0046988994682823915,-0.021320163815947923,-0.06340057636887608,-0.07132243684992567,-0.0984243231247226
新兴市场,-0.010352128381828241,0.003097071733887025,0.011028455780616842,0.02400491192026639,0.009948295618326752
科技主题股,-0.00460202538862518,-0.0335994016252135,-0.0687897895120922,0.030105039155891414,0.06545018838541945
美元,0.0005087787946215783,0.00260683192662986,0.006891445292781295,0.014684554024655627,-0.0009240614837067174
美股宽基,-0.006778389426379719,-0.0208355362427234,-0.0006824843116051693,0.15805620250999547,0.178158941532295
美股行业,-0.012211058559811885,-0.04402839261700721,0.003963735145869951,0.07106363526355829,0.12195064719615778
能源,0.00831328995202918,0.10748288454346056,0.11289552711167905,0.06974484302206935,0.42320526174846523
贵金属,0.018580485388301926,-0.015974404017914,0.021675646542930416,-0.07336876680335547,0.38819534449413573
资源主题股,-0.02376684769153742,-0.025619225047271738,0.03499062452548633,0.06180645285462828,0.24474262982348116
