,ann_vol,assetClass,assetClassSub
SHY,0.018541302190943985,FixedIncome,nationalBond
AGG,0.04701692042911231,FixedIncome,corporateBond
HYG,0.051815815982885184,FixedIncome,corporateBond
FXC,0.052598422643684174,Currency,otherCurrency
IEF,0.05704842934378836,FixedIncome,nationalBond
LQD,0.06621571542140336,FixedIncome,corporateBond
FXB,0.0703186997793838,Currency,otherCurrency
FXE,0.07191237710133064,Currency,otherCurrency
UUP,0.07869705124485593,Currency,dollar
UDN,0.08048950592244514,Currency,dollar
FXF,0.08536376307210361,Currency,otherCurrency
FXA,0.09140592248828004,Currency,otherCurrency
FXY,0.09865830539010935,Currency,otherCurrency
TLT,0.11670879403404114,FixedIncome,nationalBond
IGF,0.1258922890143834,Equity,otherMarket
DBA,0.13021909608548168,Commodity,agriculturalProduct
VYM,0.13230870551159135,Equity,DevelopedMarket
XLP,0.14063669463744324,Equity,DevelopedMarket
DIA,0.14977569795325124,Equity,DevelopedMarket
INDA,0.1498952045494619,Equity,developingMarket
EWU,0.15600875396337663,Equity,DevelopedMarket
MOO,0.1594862117684077,Equity,otherMarket
PIO,0.15993248769073082,Equity,otherMarket
XLRE,0.15995188465000204,Equity,DevelopedMarket
XLU,0.16071126639616032,Equity,DevelopedMarket
VNQ,0.16146690310901732,Equity,DevelopedMarket
XLV,0.16384763259538473,Equity,DevelopedMarket
USCI,0.16421449313337635,Commodity,otherCommodity
EFA,0.1649424018151454,Equity,DevelopedMarket
SPY,0.16530483154684067,Equity,DevelopedMarket
VGK,0.1670266627800554,Equity,DevelopedMarket
DSI,0.17222124047028878,Equity,DevelopedMarket
EPP,0.17298025959156427,Equity,DevelopedMarket
XLC,0.1747878176672374,Equity,DevelopedMarket
XLF,0.17507508393779933,Equity,DevelopedMarket
XLI,0.1812694965113614,Equity,DevelopedMarket
BKF,0.1876556749740288,Equity,developingMarket
XLB,0.18802321921083046,Equity,DevelopedMarket
DBC,0.1892759363766492,Commodity,otherCommodity
EWG,0.18991911811499412,Equity,DevelopedMarket
IGE,0.1911215336443809,Equity,DevelopedMarket
ERTH,0.19322560353087362,Equity,otherMarket
EWA,0.19400151568577528,Equity,DevelopedMarket
IWN,0.1954361832399761,Equity,DevelopedMarket
FAN,0.20849043487822938,Equity,otherMarket
EWJ,0.20920634093200347,Equity,DevelopedMarket
IWM,0.20999629398149852,Equity,DevelopedMarket
ONEQ,0.21539375129738872,Equity,DevelopedMarket
QQQ,0.21728260145360187,Equity,DevelopedMarket
EEM,0.2209560768287201,Equity,developingMarket
XLY,0.22106832746399094,Equity,DevelopedMarket
PSP,0.22491776938867128,Equity,otherMarket
XLE,0.23532857825662626,Equity,DevelopedMarket
GLD,0.24215243005384673,Commodity,nobleMetal
EWZ,0.2528628352472311,Equity,developingMarket
SLX,0.25854731647648527,Equity,otherMarket
ROBO,0.2588034152162369,Equity,otherMarket
SOCL,0.2599027522526142,Equity,otherMarket
PBD,0.2627641489984291,Equity,otherMarket
XLK,0.26791020638230156,Equity,DevelopedMarket
FXI,0.2729673499030338,Equity,developingMarket
XBI,0.2792856219967092,Equity,DevelopedMarket
XHB,0.27975922259329294,Equity,DevelopedMarket
HACK,0.28523612795060754,Equity,DevelopedMarket
EWT,0.29098786788624864,Equity,DevelopedMarket
LIT,0.32718474277025816,Equity,otherMarket
XME,0.3426961027464409,Equity,DevelopedMarket
TAN,0.3910028791739617,Equity,otherMarket
USO,0.41673027158507375,Commodity,energy
BLOK,0.43007191565627495,Equity,otherMarket
GDX,0.4353234834719832,Equity,otherMarket
REMX,0.43916604054313146,Equity,otherMarket
EWY,0.4451834506131105,Equity,DevelopedMarket
IBIT,0.4581551546714322,Commodity,otherCommodity
URA,0.47106759327662157,Equity,otherMarket
SIL,0.4753248087717753,Equity,otherMarket
SLV,0.48063686078486834,Commodity,nobleMetal
UNG,0.5913931925472253,Commodity,energy
MJ,0.6902430723428034,Equity,otherMarket
