date,全池等权(基准),低波前80%,低波前70%,低波前60%,低波前50%
2024-10-31,-2.1266,-2.7329,-2.5809,-2.849,-2.6604
2024-11-29,2.5863,2.6712,2.4758,2.3661,2.0013
2024-12-31,-5.6047,-5.136,-4.9263,-5.0809,-4.6291
2025-01-31,3.2141,2.8988,2.7928,2.4658,2.6182
2025-02-28,-0.3989,-0.0704,0.2717,0.6479,0.9389
2025-03-31,-1.333,-1.5511,-0.8767,-0.8017,-0.5007
2025-04-30,0.2104,0.4166,0.4025,0.5182,0.595
2025-05-30,3.7862,3.2506,2.9442,2.6483,2.2197
2025-06-30,4.1687,3.0737,2.4201,2.0998,1.8667
2025-07-31,1.0981,0.182,-0.245,-0.3766,-0.6451
2025-08-29,4.839,2.9955,2.813,2.6031,2.1757
2025-09-30,3.5416,1.8464,1.4779,1.0194,0.75
2025-10-31,1.1785,0.7207,0.1604,-0.086,-0.3244
2025-11-28,0.4813,0.7802,0.9567,0.9406,1.0782
2025-12-31,-0.0393,-0.4778,-0.4644,-0.4862,-0.5739
2026-01-30,5.5449,3.885,3.9135,3.3973,2.7825
2026-02-27,2.6177,2.4124,2.6162,2.8751,2.3856
2026-03-31,-4.3669,-4.1564,-3.8124,-3.7261,-3.7284
2026-04-30,6.6962,5.5392,4.6893,4.2199,3.7878
2026-05-29,1.7296,1.0649,-0.038,-0.2898,-0.5289
2026-06-30,-3.3561,-1.3351,-1.5488,-1.0407,-0.8284
2026-07-31,-0.7614,0.6088,1.2749,1.2934,1.5389
2026-08-31,4.3262,1.9876,1.7371,1.2663,1.08
2026-09-16,-2.4343,-2.0712,-1.984,-1.9193,-1.7511
