,月数,累计收益,年化收益,年化波动,夏普,最大回撤,月胜率,年化超额
全池等权 (基准),24.0,0.2748613457165028,0.1290975802456149,0.1116947278503621,1.15580728589596,-0.05604702069138645,0.625,0.0
低波前90%,24.0,0.23227650414808076,0.11007950352579732,0.09764544400395167,1.1273388599814493,-0.05359951367649396,0.6666666666666666,-0.01901807671981759
低波前80%,24.0,0.17323204128996106,0.08315836390158626,0.08975076508714087,0.9265476881544807,-0.051359926567778214,0.6666666666666666,-0.045939216344028644
低波前70%,24.0,0.14757675807814397,0.0712500912850107,0.08318937636408692,0.8564806517262167,-0.049263276639846865,0.625,-0.05784748896060421
低波前60%,24.0,0.1170501613817021,0.056905937811734475,0.0795754351204776,0.7151194049467477,-0.05080921513607217,0.5833333333333334,-0.07219164243388043
低波前50%,24.0,0.09546538239726954,0.04664482151170524,0.07293032913703867,0.6395805704380952,-0.046290762927674645,0.5833333333333334,-0.08245275873390967
剔除MAD>k2.0,24.0,0.19699102084997344,0.0940708481857897,0.09455837587659816,0.9948441617541666,-0.05253402930000639,0.7083333333333334,-0.035026732059825205
剔除MAD>k2.5,24.0,0.2112985521004338,0.10059009267775698,0.09343678800948389,1.076557690184588,-0.051673808877532035,0.625,-0.028507487567857925
剔除MAD>k3.0,24.0,0.2619244281965798,0.1233540974227938,0.1080646860564567,1.141483882702897,-0.05709039471772681,0.625,-0.005743482822821111
