,年化收益,年化波动,夏普,最大回撤
AGG,-0.01017776004630877,0.050386434244876446,-0.20199405254289646,-0.23372063863579218
BKF,0.0030006844615468875,0.21859497555518928,0.013727142876572186,-0.5098952270081489
BLOK,0.15010286932989203,0.40608621978493176,0.36963300406841765,-0.7658116934841483
DBA,-0.0014124083695348233,0.12877372793383698,-0.01096814072401871,-0.5721716514954477
DBC,0.011706328190028259,0.17350431674690084,0.06746995354072284,-0.6474143720617866
DIA,0.10581431529978347,0.16357967369360407,0.6468671376492713,-0.37058704179629376
DSI,0.13700749591642913,0.17390957650285085,0.7878088065735885,-0.3409907798093451
EEM,0.03962148610683558,0.2084671832365961,0.19006102299500963,-0.4145962732919253
EFA,0.05259444167240068,0.17217120817690784,0.30547756636730633,-0.38205980066445233
EPP,0.022670170844766746,0.19127049100399685,0.11852414204495886,-0.43544646308465174
ERTH,0.04826557034039802,0.2196471373341958,0.21974140399089914,-0.5857695095433674
EWA,0.017916830823935692,0.22314813915871395,0.08029119530856746,-0.5437722419928837
EWG,0.05370438769429087,0.2114695760204009,0.2539579863209727,-0.4942496493688636
EWJ,0.07044798254437379,0.17980311292411744,0.39180624516831947,-0.3464651915812207
EWT,0.1172691824074974,0.22305009415072927,0.525752669390272,-0.4127194924007688
EWU,0.025035907711684846,0.1849956284475089,0.13533242878108656,-0.5535876475930999
EWY,0.09087599376065025,0.27477407501974443,0.330729868726226,-0.507794637289543
EWZ,-0.03338303359203254,0.3356697010341113,-0.09945203123543195,-0.753905140585061
FAN,0.07541722066481027,0.2148678063886212,0.35099358034310046,-0.48770176787087005
FXA,-0.027637182083432354,0.10132479360788126,-0.27275833583620224,-0.46754301572617907
FXB,-0.013701521394391736,0.08900814799193374,-0.15393558571326998,-0.3912245381335867
FXC,-0.024519361162430253,0.07012113184296376,-0.34967149727904207,-0.34644595910418996
FXE,-0.014804210104366944,0.07918586842943656,-0.18695520296729645,-0.3563176633001508
FXF,0.00021762131172620158,0.09382415243854984,0.0023194593936644694,-0.22591847491874162
FXI,-0.004051021479860806,0.26970609462789413,-0.015020133250788735,-0.6153846153846158
FXY,-0.053989400641043295,0.0963519158037151,-0.5603355178845504,-0.5663285061565858
GDX,0.03909838775877983,0.3972878857426797,0.0984132392702846,-0.7830172263789809
GLD,0.06718084261039814,0.16719679758392092,0.40180699380129054,-0.42111629514428983
HACK,0.14572914890668653,0.24205240021969077,0.6020562026008432,-0.42678571428571466
HYG,-0.009911221666944692,0.08035795631054322,-0.12333839885925904,-0.28725724374286354
IBIT,0.09475542671307102,0.4784859604922268,0.19803178052621329,-0.5330340861270868
IEF,-0.010705003728285978,0.06590156131635092,-0.16243930362891032,-0.2771818625060938
IGE,0.03363776913489236,0.24108369647403086,0.1395273493266508,-0.7236111111111112
IGF,0.04425133033214457,0.16238379199050604,0.2725107585536109,-0.42106318956870614
INDA,0.04265544560919787,0.22133912660435642,0.1927153425767531,-0.4613060044672187
IWM,0.09752383870111236,0.21575473362173564,0.4520125100573348,-0.4226101028782796
IWN,0.08495961128763407,0.216074820849273,0.3931953336983175,-0.4763676148796513
LIT,0.06138358025037349,0.28711709409047975,0.21379284450068156,-0.6696085557055345
LQD,-0.006758908784927131,0.08044442398889426,-0.0840196057076651,-0.29371182177506294
MJ,-0.20912108459326417,0.5104521574569266,-0.40967812857350966,-0.9685344493528637
MOO,0.03862887776936552,0.17753452067983913,0.21758516383992596,-0.44419828302409325
ONEQ,0.1775135279584379,0.2019313042767804,0.8790787965947375,-0.3592699327569653
PBD,0.049423708107338093,0.2636840844023908,0.18743531002013702,-0.7737410955539169
PIO,0.07183193356480233,0.1796895349926701,0.39975579862084065,-0.35782648965730146
PSP,0.02380756008783913,0.21396463024577564,0.11126867118407374,-0.5026994601079785
QQQ,0.1979976986432792,0.20800209396483743,0.9519024297743394,-0.35617218247976534
REMX,-0.06976356875208811,0.352891097223096,-0.1976914954813494,-0.8919354838709675
ROBO,0.0993779566297961,0.22753894429337015,0.43675141826124614,-0.43748267258109264
SHY,-0.00274463896212096,0.014853726558956186,-0.1847778031477263,-0.07246543778801973
SIL,0.022904810828101363,0.4122381934256484,0.055562078413368785,-0.8025877530105049
SLV,0.05051294846123766,0.3099332698549225,0.16298007788864488,-0.6871336868545905
SLX,0.05292123064595433,0.3108370771629877,0.1702539192845551,-0.7268200549450547
SOCL,0.08764878446466673,0.2685493366006209,0.32637870409270664,-0.6880757420675536
SPY,0.134802317205994,0.168122531013032,0.8018099441742571,-0.34104746704498423
TAN,0.036638350207983894,0.40107190256006275,0.09135107688701055,-0.786534361161226
TLT,-0.028341263458148247,0.14805969349787235,-0.19141781796647794,-0.5376814128344125
UDN,-0.028348668975250346,0.074905756706793,-0.37845781448035865,-0.4014492753623192
UNG,-0.22435979081442958,0.5109385846585306,-0.43911303148963243,-0.9782638136511376
URA,-0.015286757038628584,0.366175823210849,-0.04174704081931226,-0.8912910150260658
USCI,0.04299286294717253,0.14582650451339677,0.2948220084588455,-0.620021695335502
USO,-0.05206578903309578,0.3769146602867325,-0.13813681058064303,-0.9492977862413711
UUP,0.017748336830238687,0.07600756283705559,0.2335075111971085,-0.14239943040227843
VGK,0.05245288460755382,0.18845589569665525,0.27832976205734467,-0.41565600882028575
VNQ,0.031531583978613886,0.19437607948998611,0.16221946682610364,-0.42844230189816224
VYM,0.09093791638276305,0.15351044454382767,0.5923891149751704,-0.35672082717872944
XBI,0.14670071429746634,0.3242183134937359,0.45247510147294834,-0.6390022415081327
XHB,0.12950962230656704,0.262062340842107,0.4941939459534814,-0.4978671541742843
XLB,0.07748094066208466,0.1989758063606935,0.3893988021922175,-0.40162271805273975
XLC,0.10877031266614767,0.22603180158244385,0.4812168549055886,-0.47228355607205175
XLE,0.03994666862765439,0.274915122925701,0.14530546083654494,-0.7673018066936528
XLF,0.12059301907068232,0.20744838402019966,0.5813157795383932,-0.4334295797240939
XLI,0.11878265762863927,0.18860567519807062,0.6297936554872787,-0.4277836442567172
XLK,0.21072805071766654,0.22558409030501791,0.9341441164256569,-0.3401641664307954
XLP,0.06732576515910127,0.14228664734278723,0.47316994543349283,-0.24942120697638537
XLRE,0.031089889980164154,0.20762313442806277,0.14974193538599223,-0.3927975196756499
XLU,0.05816061302802322,0.1787022733484522,0.3254609577048616,-0.3670047900817133
XLV,0.11744039539574191,0.16293904313322577,0.7207627658628002,-0.28750119354530657
XLY,0.1289326156818098,0.20348108322073868,0.6336344078822412,-0.40280011351811573
XME,0.053356737213001715,0.3267631876960133,0.1632887033243148,-0.7891491985203449
