,ac1
AGG,-0.08111705998953163
BKF,-0.03565318648932687
BLOK,0.07703307090119306
DBA,0.07106353768578691
DBC,0.18715588806046904
DIA,-0.17409117238741806
DSI,-0.16602578920081437
EEM,-0.05768989271716897
EFA,-0.11296715938478932
EPP,-0.12658794749787633
ERTH,-0.1560605101014072
EWA,-0.11427564685457346
EWG,-0.06194100126512397
EWJ,-0.11474982122717745
EWT,-0.13861418979951096
EWU,-0.09793824993429513
EWY,-0.0058645123444310936
EWZ,0.00245317022206026
FAN,-0.013462873983022528
FXA,-0.0699053218025221
FXB,-0.056823800759062494
FXC,-0.08971777986127888
FXE,0.005989771864064434
FXF,-0.10716022941430181
FXI,-0.11755441033936465
FXY,0.03638129290284071
GDX,-0.03234532778847653
GLD,0.045845164374170536
HACK,0.055142947786307905
HYG,-0.24320770086513221
IBIT,0.02940845858329665
IEF,-0.04748799622375272
IGE,-0.10580422175427903
IGF,-0.14574141052264636
INDA,-0.033588467149385785
IWM,-0.1322858629407894
IWN,-0.1272225099160353
LIT,0.06564561537308952
LQD,-0.12300424550200056
MJ,0.04642765618981813
MOO,-0.1325775713390067
ONEQ,-0.09631038726062502
PBD,0.004333431732779125
PIO,-0.15746543721907985
PSP,-0.11115610714736265
QQQ,-0.09383114259561016
REMX,0.06415928556125708
ROBO,-0.11824002323116566
SHY,0.009124464144447389
SIL,0.014438170203317552
SLV,0.0891236360091474
SLX,0.03565975811524291
SOCL,0.06885610874091597
SPY,-0.17815527328352504
TAN,-0.008673279381082184
TLT,-0.015349912617156484
UDN,-0.012074212461525959
UNG,-0.12053482983997682
URA,-0.022978598395442775
USCI,0.13718992612745096
USO,0.1857796565672324
UUP,-0.022536213548675514
VGK,-0.12057378348972923
VNQ,-0.21194815687049198
VYM,-0.19768983646876978
XBI,-0.059297354415162144
XHB,-0.15164389294921368
XLB,-0.1860904108024884
XLC,-0.10925778038841033
XLE,-0.08830955355160403
XLF,-0.11236396407358677
XLI,-0.19337691422057926
XLK,-0.04153720032268166
XLP,-0.16731646006153356
XLRE,-0.21969552253233607
XLU,-0.2360274381503804
XLV,-0.1612898475873289
XLY,-0.16857353989366283
XME,-0.02696309636753558
