,daily_ac1
AGG,-0.0019065686399163183
BKF,-0.06759089640585503
BLOK,0.007711359859426483
DBA,0.031765814090056195
DBC,0.009728232576337759
DIA,-0.11480871487243233
DSI,-0.11441076882619601
EEM,-0.08962379350617287
EFA,-0.07937224704795783
EPP,-0.12179881118703731
ERTH,0.006426174909785125
EWA,-0.15802106388483286
EWG,-0.042469963038632236
EWJ,-0.0709033155310785
EWT,-0.05528437935412453
EWU,-0.06170398078299326
EWY,-0.10941522406897597
EWZ,-0.10139613117564743
FAN,-0.02600637213303931
FXA,-0.029233811274481956
FXB,0.022625261231343972
FXC,-0.01735762736639557
FXE,-0.0146823170076538
FXF,0.010488933004325575
FXI,-0.06157013420248574
FXY,-0.028444901688578487
GDX,-0.04329121782581724
GLD,-0.012205440903740187
HACK,0.0007670337371770404
HYG,0.011205167036236143
IBIT,-0.0801239058053645
IEF,-0.028188579156777544
IGE,-0.019989782072555848
IGF,-0.08260291748409679
INDA,-0.15854260302455167
IWM,-0.05424090215439413
IWN,-0.06207872393909344
LIT,0.005642858855257646
LQD,0.07621945173677118
MJ,-0.06275611492705184
MOO,-0.06607709870734035
ONEQ,-0.07940537689453261
PBD,-0.013518188069908822
PIO,-0.06076509059004913
PSP,0.02524784150072563
QQQ,-0.09788804317808861
REMX,0.012499339636167004
ROBO,-0.03402845972225025
SHY,-0.10213215527210003
SIL,0.0007546117215049834
SLV,-0.006675712096326931
SLX,-0.02398843823468266
SOCL,-0.029992456548817263
SPY,-0.1086671695621811
TAN,0.025787620564323186
TLT,-0.021661962781687735
UDN,-0.02207573354288536
UNG,-0.03617148850123088
URA,0.042473168591197576
USCI,0.049978801268044486
USO,0.021415937874401006
UUP,-0.026571474440695395
VGK,-0.07110339846181103
VNQ,-0.03500484881847334
VYM,-0.09807090376335523
XBI,-0.0266737688584002
XHB,-0.007651985225531747
XLB,-0.04127327444424954
XLC,-0.1160363875917213
XLE,-0.02870843728453455
XLF,-0.08905163301043237
XLI,-0.04726362106747619
XLK,-0.1180230326700099
XLP,-0.07813948335377749
XLRE,-0.055501322690986434
XLU,-0.059291310348359175
XLV,-0.07399856149972737
XLY,-0.057493141715904084
XME,-0.015481016742284175
