,美股宽基,发达市场,新兴市场,美股行业,资源主题股,科技主题股,债宽基,信用债,国债短,国债中长,国债长,贵金属,能源,农产品,商品宽基,加密,美元,其他货币
美股宽基,1.0,0.8045307947551162,0.6624290496463824,0.907477816858245,0.6794915797917465,0.8176066587740487,0.34084055324759577,0.6278393556670037,0.14840806787290894,0.2392253214387668,0.2781509192815746,0.28232633011546127,-0.04699169649149316,0.13702942393862136,0.09099720687208063,0.46991505498271763,-0.05074443523679582,0.24187649429557723
发达市场,0.8045307947551162,1.0,0.8094854433647565,0.7539464917652573,0.7573830799455625,0.8206767128864073,0.41879064126302806,0.615554476557177,0.25154753460435464,0.3345425625770851,0.33261332535469074,0.460312924668705,-0.08876777740526806,0.15358652743131332,0.08861776473601377,0.3736298559687509,-0.052591251809046675,0.5256864258893049
新兴市场,0.6624290496463824,0.8094854433647565,1.0,0.6316015567465648,0.660542654934995,0.7622509739670055,0.3295831093426059,0.5021083950644384,0.18770942229699292,0.2529755178005284,0.2506426448798513,0.4187735471103315,-0.03973098157884563,0.13596642661880048,0.14613998073523937,0.33142879141408543,-0.025633621663650304,0.4742415028683302
美股行业,0.907477816858245,0.7539464917652573,0.6316015567465648,1.0,0.6399469798528838,0.7669791507868452,0.46325343142566583,0.7045606919889278,0.24246474522373043,0.37399153911437244,0.4072302603274592,0.2648341437423449,-0.01606780779080398,0.12086466671980103,0.07809049787332238,0.3864811026701073,-0.017913358561289398,0.31788762190389286
资源主题股,0.6794915797917465,0.7573830799455625,0.660542654934995,0.6399469798528838,1.0,0.7236135901459112,0.26321034504129287,0.43979790244795486,0.20470932366992348,0.20009111508982613,0.17604146100925128,0.7361978897477242,0.014588414120160513,0.1632498837371066,0.294418178350611,0.3849868749686518,-0.007065100446140945,0.4495505274828615
科技主题股,0.8176066587740487,0.8206767128864073,0.7622509739670055,0.7669791507868452,0.7236135901459112,1.0,0.43808867907688204,0.638413784079239,0.20858274231956314,0.35713770418670493,0.3786198480182215,0.40489820783385055,-0.03806551936016842,0.1413233137217245,0.15624620375188872,0.4772874479744625,-0.03737480248668066,0.45343912904457306
债宽基,0.34084055324759577,0.41879064126302806,0.3295831093426059,0.46325343142566583,0.26321034504129287,0.43808867907688204,1.0,0.9020969793221567,0.7342031692513312,0.9833335798185248,0.944145367783721,0.16094485650902665,-0.15604210220861003,-0.0020452806572199386,-0.16722440949556266,0.05547860367069844,-0.019899369060794248,0.5530554505022673
信用债,0.6278393556670037,0.615554476557177,0.5021083950644384,0.7045606919889278,0.43979790244795486,0.638413784079239,0.9020969793221567,1.0,0.6332503703926925,0.8403335274909735,0.8300362100704958,0.19934625406657136,-0.08515958739400892,0.07199911702015799,-0.052053083405875035,0.24845833293264802,-0.027538001214640864,0.507679726063587
国债短,0.14840806787290894,0.25154753460435464,0.18770942229699292,0.24246474522373043,0.20470932366992348,0.20858274231956314,0.7342031692513312,0.6332503703926925,1.0,0.7422371858621499,0.5451522152040068,0.1760466745993002,-0.08395435550527858,-0.012656267998497298,-0.12967810563832344,0.008045313547279507,0.008010709961468571,0.5034076177852359
国债中长,0.2392253214387668,0.3345425625770851,0.2529755178005284,0.37399153911437244,0.20009111508982613,0.35713770418670493,0.9833335798185248,0.8403335274909735,0.7422371858621499,1.0,0.9369426905151421,0.1450494806739546,-0.15696051306400916,-0.024334954573564303,-0.19092732340374324,-0.015061267009147125,-0.01789006910479238,0.549469477014458
国债长,0.2781509192815746,0.33261332535469074,0.2506426448798513,0.4072302603274592,0.17604146100925128,0.3786198480182215,0.944145367783721,0.8300362100704958,0.5451522152040068,0.9369426905151421,1.0,0.09153857080040292,-0.16545663709273925,-0.010232523516690545,-0.1773146343856906,-0.004140466784503463,-0.011459850711596081,0.4477274465296333
贵金属,0.28232633011546127,0.460312924668705,0.4187735471103315,0.2648341437423449,0.7361978897477242,0.40489820783385055,0.16094485650902665,0.19934625406657136,0.1760466745993002,0.1450494806739546,0.09153857080040292,1.0,0.018618731692531434,0.09178851081679294,0.33139792648703725,0.22947509123143117,-0.012908072256204998,0.4131175575133407
能源,-0.04699169649149316,-0.08876777740526806,-0.03973098157884563,-0.01606780779080398,0.014588414120160513,-0.03806551936016842,-0.15604210220861003,-0.08515958739400892,-0.08395435550527858,-0.15696051306400916,-0.16545663709273925,0.018618731692531434,1.0,0.11984504595985439,0.6227233954135197,-0.009214829359017537,0.008656816848426193,-0.08298953051549629
农产品,0.13702942393862136,0.15358652743131332,0.13596642661880048,0.12086466671980103,0.1632498837371066,0.1413233137217245,-0.0020452806572199386,0.07199911702015799,-0.012656267998497298,-0.024334954573564303,-0.010232523516690545,0.09178851081679294,0.11984504595985439,1.0,0.41012172110215117,0.08276240669930539,0.27255504081504484,0.0722718041472493
商品宽基,0.09099720687208063,0.08861776473601377,0.14613998073523937,0.07809049787332238,0.294418178350611,0.15624620375188872,-0.16722440949556266,-0.052053083405875035,-0.12967810563832344,-0.19092732340374324,-0.1773146343856906,0.33139792648703725,0.6227233954135197,0.41012172110215117,1.0,0.1011086968357801,0.10887970026459766,0.056287657905060844
加密,0.46991505498271763,0.3736298559687509,0.33142879141408543,0.3864811026701073,0.3849868749686518,0.4772874479744625,0.05547860367069844,0.24845833293264802,0.008045313547279507,-0.015061267009147125,-0.004140466784503463,0.22947509123143117,-0.009214829359017537,0.08276240669930539,0.1011086968357801,1.0,0.031010577989217195,0.1249540216900402
美元,-0.05074443523679582,-0.052591251809046675,-0.025633621663650304,-0.017913358561289398,-0.007065100446140945,-0.03737480248668066,-0.019899369060794248,-0.027538001214640864,0.008010709961468571,-0.01789006910479238,-0.011459850711596081,-0.012908072256204998,0.008656816848426193,0.27255504081504484,0.10887970026459766,0.031010577989217195,1.0,-0.03288774439876047
其他货币,0.24187649429557723,0.5256864258893049,0.4742415028683302,0.31788762190389286,0.4495505274828615,0.45343912904457306,0.5530554505022673,0.507679726063587,0.5034076177852359,0.549469477014458,0.4477274465296333,0.4131175575133407,-0.08298953051549629,0.0722718041472493,0.056287657905060844,0.1249540216900402,-0.03288774439876047,1.0
