,功能大类,功能子类,中文名,说明,年化波动,年化收益,与SPY相关,与全池相关,历史长度,日均成交额,站点大类,站点子类
SPY,权益,美股宽基,标普500,美国大盘蓝筹，全池的风险中枢,0.16097971744393086,0.21408332323803436,1.0,0.8337759444934874,14.198412698412698,39571.037224928274,股权类,发达市场
QQQ,权益,美股宽基,纳斯达克100,美国科技龙头，与 SPY 高度重叠但更偏成长,0.21307063553708092,0.2671008084253741,0.944398274733603,0.7678661544759188,14.206349206349206,24541.65026606834,股权类,发达市场
ONEQ,权益,美股宽基,纳斯达克综合,比 QQQ 更宽，含小盘，与 QQQ 几乎同涨同跌,0.21272129806484544,0.26278950768176945,0.9598109394279,0.7872113825914905,14.198412698412698,24.390420792097053,股权类,发达市场
DIA,权益,美股宽基,道琼斯工业30,30 只老牌工业蓝筹，价格加权，与 SPY 重叠,0.14502926871819166,0.15425848139483356,0.8844372410075978,0.7844295093431585,14.198412698412698,1890.5860353361857,股权类,发达市场
IWM,权益,美股宽基,罗素2000 小盘,美国小盘股，弹性大于 SPY,0.23013504538345014,0.15382862861794355,0.804011985011438,0.8614546071260204,14.198412698412698,7575.356446279602,股权类,发达市场
IWN,权益,美股宽基,罗素2000 小盘价值,小盘里的便宜股，偏金融/工业,0.22181736216542103,0.15075913655712725,0.7389215398485947,0.8206687239522125,14.198412698412698,160.8770016900589,股权类,发达市场
DSI,权益,美股宽基,标普400 社会责任,中盘 ESG 筛选，实质仍是美股中盘,0.17081449824736608,0.21337679667195375,0.9769898587515543,0.8227633350756882,14.198412698412698,14.5438333404271,股权类,发达市场
VYM,权益,美股宽基,美股高股息,高分红蓝筹，偏防守，利率敏感,0.13430789867589554,0.15334626332265522,0.8239123931894863,0.8086196337870539,14.198412698412698,166.06241227558172,股权类,发达市场
EFA,权益,发达市场,EAFE 发达市场,欧澳远东（不含美国），组合里的非美分散,0.16547417419596747,0.15080049818541696,0.756258099616137,0.879894713297831,14.198412698412698,1309.0937798400296,股权类,发达市场
VGK,权益,发达市场,欧洲,欧洲整体，与 EFA 高度重叠,0.16910303850054542,0.1469550601632439,0.7091919354268833,0.8479767414218456,14.198412698412698,220.89064965092786,股权类,发达市场
EWG,权益,发达市场,德国,德国 DAX，出口/制造业,0.19345041809221095,0.16572698619284498,0.6793259583940097,0.7950996580440575,14.198412698412698,67.90117601240058,股权类,发达市场
EWU,权益,发达市场,英国,英国富时，偏能源与金融,0.1536073488070027,0.1509491601166486,0.6073106360755067,0.7672995954660126,14.198412698412698,66.11695201382916,股权类,发达市场
EPP,权益,发达市场,亚太除日本,澳洲+香港+新加坡，实为澳港星,0.1815148962709523,0.10873080943541202,0.7173230635787756,0.8832662224740555,14.198412698412698,16.819729534639176,股权类,发达市场
EWJ,权益,发达市场,日本,日本大盘，与日元汇率强相关,0.21039587068804544,0.18045468655287644,0.6947116933486914,0.7500000781231422,14.198412698412698,469.74555949508095,股权类,发达市场
EWY,权益,发达市场,韩国,韩国，实质是三星+海力士的半导体代理,0.4063447933366185,0.44630170684511583,0.5518618478913332,0.6674384282363858,14.198412698412698,1012.1599809708983,股权类,发达市场
EWT,权益,发达市场,台湾,台湾，实质是台积电的半导体代理,0.2885941033400378,0.36476898744078157,0.6790722692936542,0.7220039524276358,14.198412698412698,268.36934296340206,股权类,发达市场
EWA,权益,发达市场,澳大利亚,澳洲，银行+矿业，商品货币属性,0.198880791199195,0.0949076876855608,0.7188734559273398,0.8601970582346012,14.198412698412698,70.08602868304861,股权类,发达市场
EEM,权益,新兴市场,新兴市场整体,新兴市场宽基，与全球风险偏好同步,0.21356539747916273,0.19930391334305564,0.6817340227588838,0.8394644542088002,14.198412698412698,1427.6983791029752,股权类,新兴市场
BKF,权益,新兴市场,金砖四国,中巴印俄，成交极清淡，是 EEM 的窄化版,0.19236503165488625,0.036784707235504976,0.5354938475786659,0.7273409660715634,14.198412698412698,0.33472836955729013,股权类,新兴市场
FXI,权益,新兴市场,中国大盘,港股中概大盘，政策敏感,0.29404964597677624,0.06564506405689619,0.3924723283717164,0.582587781179187,14.198412698412698,1259.8013190640058,股权类,新兴市场
EWZ,权益,新兴市场,巴西,巴西，铁矿石+石油，商品属性重,0.2518049819991512,0.06817700659027226,0.47505120125382866,0.636550727735324,14.198412698412698,784.8116901016201,股权类,新兴市场
INDA,权益,新兴市场,印度,印度，内需驱动，与其它新兴市场相关低,0.15205646284207064,0.027744302547086264,0.49646579070896296,0.5015200534280831,13.920634920634921,303.986444867268,股权类,新兴市场
XLF,权益,美股行业,金融,银行+保险，利率上行受益,0.17055222099572795,0.19296031011065873,0.7340210553237156,0.6290870987584509,14.198412698412698,2005.4278722989397,股权类,发达市场
XLE,权益,美股行业,能源,石油天然气公司，跟随油价,0.23063197893559909,0.15329145196191907,0.29439968994557986,0.3223987621459732,14.198412698412698,1674.3751543783799,股权类,发达市场
XLI,权益,美股行业,工业,制造业+运输+军工，周期属性,0.17883997203374302,0.17654370491423532,0.8221558586625286,0.7874742541748015,14.198412698412698,1383.1648637737997,股权类,发达市场
XLB,权益,美股行业,材料,化工+金属，跟随工业需求,0.18570706654540198,0.07266914092727017,0.6937690480122736,0.8032503131347275,14.198412698412698,532.9952693816348,股权类,发达市场
XLP,权益,美股行业,必需消费,食品饮料日化，典型防守,0.1432147858188134,0.043418440698613114,0.27172341696162594,0.32712815346894314,14.198412698412698,1056.9672984585272,股权类,发达市场
XLY,权益,美股行业,可选消费,零售+汽车+餐饮，典型进攻,0.2229505318578543,0.09873697858252473,0.8510587432080656,0.7365731790450591,14.198412698412698,930.4949537402209,股权类,发达市场
XLC,权益,美股行业,通信,谷歌/Meta/奈飞，实为互联网平台,0.17218314469666102,0.21272210528501678,0.7611155077064309,0.5882336840426563,7.746031746031746,546.3130646628572,股权类,发达市场
XLK,权益,美股行业,科技,软件+硬件+半导体，与 QQQ 高度重叠,0.2639092977336598,0.32841307386576246,0.8857582952987331,0.717046016917351,14.198412698412698,1631.8880840018703,股权类,发达市场
XLV,权益,美股行业,医疗,药企+器械+保险，防守偏成长,0.15534579918176064,0.09201783225215765,0.4554193618570939,0.426946859382222,14.198412698412698,1467.6458091688808,股权类,发达市场
XLU,权益,美股行业,公用事业,电力水务，类债券，利率敏感,0.16704797752759595,0.09979306573829039,0.3317820305229208,0.4521819614820604,14.198412698412698,922.1063275356553,股权类,发达市场
XLRE,权益,美股行业,房地产(标普),REITs，利率敏感，行为夹在股债之间,0.17979224775163102,0.05810564612111735,0.5037824139267659,0.6141688370927764,10.420634920634921,265.2875996280265,股权类,发达市场
VNQ,权益,美股行业,房地产(全市场),REITs 宽基，与 XLRE 高度重叠,0.1831735804292287,0.050487886592802234,0.5299505459177659,0.6403742743322778,14.198412698412698,336.4558777800442,股权类,发达市场
XHB,权益,美股行业,住宅建筑,美国建商，利率敏感度全池最高之一,0.2942595934378017,0.048302725412138425,0.5922959523869564,0.6642367658713564,14.198412698412698,248.48063374681885,股权类,发达市场
XBI,权益,美股行业,生物科技,中小型生科，并购预期驱动，波动极高,0.3007896364990935,0.2770275364621253,0.5691010812953432,0.6560291083174538,14.198412698412698,991.9170801549926,股权类,发达市场
XME,权益,资源主题股,金属与矿业,美加矿企，跟随金属价格,0.32892806600339247,0.3172839122887201,0.5969927615985352,0.7741316004698834,14.198412698412698,181.92216799907217,股权类,发达市场
GDX,权益,资源主题股,金矿,金矿股，是黄金的**加杠杆版**,0.4164671091074368,0.5425071464746378,0.3152025263327087,0.5967937816411035,14.198412698412698,1362.4018524970102,股权类,其他市场
SIL,权益,资源主题股,银矿,银矿股，白银的高波动代理,0.45641426231386273,0.6000032167417964,0.37608252852633095,0.6474935460170514,14.198412698412698,104.80990636388808,股权类,其他市场
SLX,权益,资源主题股,钢铁,全球钢铁，跟随钢价与基建预期,0.25608056879590274,0.1885651764285614,0.6776998693827411,0.8135458393397096,14.198412698412698,2.1569710272304863,股权类,其他市场
URA,权益,资源主题股,铀,铀矿+核电，供给端事件驱动,0.46822048996705623,0.25577156712647575,0.4715933969837621,0.5494086400973611,14.198412698412698,145.33641628104564,股权类,其他市场
MOO,权益,资源主题股,农业,种子+化肥+农机，跟随农产品,0.1763919455164084,-9.960150899079867e-05,0.5026928849920596,0.713904821064452,14.198412698412698,10.730996794293814,股权类,其他市场
IGE,权益,资源主题股,自然资源,油气+矿业宽基，是 XLE 与 XME 的混合,0.1940534729612796,0.1811448931719486,0.4986543405862883,0.6280966818910064,14.198412698412698,7.18398340682916,股权类,发达市场
PIO,权益,资源主题股,水,水务公用事业，流动性极差，实为低波防守,0.17976870978633008,0.06641500069228745,0.7471929536874309,0.8191328484990704,14.198412698412698,0.41400867700368194,股权类,其他市场
BLOK,权益,科技主题股,区块链/数字支付,交易所+矿企+支付，是比特币的股票代理,0.4432885291042763,0.415162316398793,0.6832830714486338,0.7211826798385689,8.166666666666666,15.100037546178203,股权类,其他市场
HACK,权益,科技主题股,网络安全,网安软件，与 XLK 同向,0.26858516027783996,0.373973407119893,0.6385151210537227,0.4882125074317745,11.337301587301587,10.364413274129898,股权类,发达市场
IGF,权益,科技主题股,全球基础设施,收费公路/机场/电网，类债券防守,0.14119007501450362,0.12545007961115862,0.5222778527531604,0.7187066984573056,14.198412698412698,40.52087913849779,股权类,其他市场
MJ,权益,科技主题股,大麻,大麻种植商，监管驱动，波动全池最高档,0.6788201868846987,-0.16676206013119987,0.23160488956752992,0.32979385114762716,9.880952380952381,3.24071604015081,股权类,其他市场
ROBO,权益,科技主题股,机器人与自动化,工业自动化，与 XLI 同向,0.2626008097440933,0.1262922628596499,0.8334433575561538,0.8796866754006257,12.396825396825397,7.556740356872459,股权类,其他市场
SOCL,权益,科技主题股,社交媒体,社交平台，与 XLC 高度重叠,0.26445533733907356,0.0511075689041236,0.6845633524390694,0.7215326723012453,14.170634920634921,0.5059805448584683,股权类,其他市场
ERTH,权益,科技主题股,环保可持续,绿色主题宽基，流动性全场最差,0.24300869126379118,-0.051363455642970623,0.6670840085496904,0.8574713380958651,13.968253968253968,0.39346482662326954,股权类,其他市场
PSP,权益,科技主题股,上市私募股权,PE 公司，金融属性重于科技,0.23205200719252694,0.022882314822725736,0.7829215870988097,0.7982072021617526,14.198412698412698,2.2720755503108983,股权类,其他市场
PBD,权益,科技主题股,清洁能源,可再生能源宽基，与 TAN/FAN 重叠,0.31028522214281423,-0.032948503674028684,0.6147058110472641,0.8400974123377519,14.198412698412698,0.8739113757926363,股权类,其他市场
TAN,权益,科技主题股,太阳能,光伏，利率与补贴双敏感,0.44390177033344536,-0.11842985005215878,0.4564697681194005,0.6794161869753842,14.198412698412698,49.956616687628866,股权类,其他市场
FAN,权益,科技主题股,风能,风电，流动性与 PBD 同档偏低,0.23695142722845258,0.1354691520221607,0.5492619460538574,0.7727616482925974,14.198412698412698,1.1170898065243005,股权类,其他市场
LIT,权益,科技主题股,锂电与电池,锂矿+电池厂，跟随锂价,0.35434108649828605,0.04750577568636638,0.5109059476755516,0.7385608330677096,14.198412698412698,19.315241180706924,股权类,其他市场
REMX,权益,科技主题股,稀土,稀土开采，跟着锂电与供给政策走,0.45874822810802457,-0.04665907535415581,0.4593833343823367,0.7153424951789372,14.198412698412698,41.937007898733434,股权类,其他市场
AGG,固收,债宽基,美国综合债券,全市场债券宽基，久期约 6 年,0.06088653047988461,-0.0047949559863730284,0.2791013991821383,0.44840063003932157,14.198412698412698,849.1821970501327,固定收益类,公司债券
LQD,固收,信用债,投资级公司债,高评级公司债，久期长于 AGG,0.0834264661873531,-0.0069174292024615225,0.4126509085126471,0.5424864422587264,14.198412698412698,3090.355769516141,固定收益类,公司债券
HYG,固收,信用债,高收益债,垃圾债，行为更像股票而非债券,0.058856581290070445,0.019065222230032042,0.7291671664414872,0.7748995737585467,14.198412698412698,3083.3056525648603,固定收益类,公司债券
SHY,固收,国债短,1-3年美债,超短国债，接近现金，全池最稳,0.019985049077942636,0.0005058499447203602,0.1025286767488079,0.26083763716542513,14.198412698412698,332.66733883101625,固定收益类,国家债券
IEF,固收,国债中长,7-10年美债,中久期国债，纯利率风险,0.07369987736707545,-0.01895990600912567,0.17502583436660465,0.36033619317363624,14.198412698412698,785.3977202050662,固定收益类,国家债券
TLT,固收,国债长,20年+美债,长久期国债，**波动接近股票**，别当避险用,0.15474706967260007,-0.06768239416511468,0.22547663240106017,0.365888035402644,14.198412698412698,3315.139835210552,固定收益类,国家债券
GLD,商品,贵金属,黄金,无息资产，避险+抗通胀,0.22439932854385472,0.3391328859888756,0.180751862160695,0.46572588357264194,14.198412698412698,3350.1579068646092,大宗商品类,贵金属
SLV,商品,贵金属,白银,白银，工业属性重，波动约黄金 1.5 倍,0.4482342223829463,0.4503361154232801,0.2809414585275601,0.535579224702492,14.198412698412698,1584.919166527084,大宗商品类,贵金属
USO,商品,能源,原油,WTI 原油期货，展期损耗大,0.3940334865869011,0.32499724813897335,-0.04936367859872545,-0.015237546411309907,14.198412698412698,739.5411045459499,大宗商品类,能源
UNG,商品,能源,天然气,天然气期货，波动与损耗均为全池极端,0.6159766809904956,-0.3026999848929047,0.0052096420480730885,0.07296210882694057,14.198412698412698,136.06490582260676,大宗商品类,能源
DBA,商品,农产品,农产品,玉米/大豆/小麦/糖,0.1525618278293635,0.10737576220619571,0.1501831178597117,0.19300850315726412,14.198412698412698,15.51921842220913,大宗商品类,农产品
USCI,商品,商品宽基,商品指数(USCI),多品种商品指数，与 DBC 重叠,0.16123705628000257,0.2683113763164242,0.12504011530634115,0.2768170527900629,14.198412698412698,1.2811051479637703,大宗商品类,其他商品
DBC,商品,商品宽基,商品指数(DBC),能源权重约 60%，实质是原油代理,0.18386102390332906,0.12339264884246082,0.06580004815652939,0.2087343433525351,14.198412698412698,25.00798474238586,大宗商品类,其他商品
IBIT,加密,加密,比特币,**站点误归到商品**，实为独立风险源，与股/债/金都低相关,0.4775676572045528,0.051371925633541204,0.4354081480913917,0.49440948102999105,2.4126984126984126,2259.6478092880875,大宗商品类,其他商品
UUP,货币,美元,美元(做多),做多美元指数，与风险资产负相关,0.09060774927847794,-0.003042236168232737,-0.12534331855267816,-0.36497068522364895,14.198412698412698,37.74591794743741,货币基金类,美元
UDN,货币,美元,美元(做空),**做空**美元 —— 与 UUP 完全负相关，不能同格等权,0.08615046185339457,-0.015345887984963391,0.06461270452416422,0.36441179040773014,14.198412698412698,2.4525545589891014,货币基金类,美元
FXY,货币,其他货币,日元,日元，套息交易的反向指标,0.11058209208845085,-0.039504579276882335,-0.056199869896479765,0.2165473713856431,14.198412698412698,14.001446881650073,货币基金类,其他货币
FXE,货币,其他货币,欧元,欧元，美元指数的最大对手盘,0.0743854939205892,0.01941485589674863,0.09861496901743322,0.39532663152938247,14.198412698412698,11.694617338467012,货币基金类,其他货币
FXB,货币,其他货币,英镑,英镑,0.0751313013017882,0.024108463355857035,0.265098682824038,0.5183474383285137,14.198412698412698,2.1799812997397643,货币基金类,其他货币
FXF,货币,其他货币,瑞郎,瑞郎，传统避险货币,0.0861165314364252,0.022289341878597435,-0.08158878241144722,0.2167120055577615,14.198412698412698,6.173148197134757,货币基金类,其他货币
FXC,货币,其他货币,加元,加元，跟随油价,0.05568948213028147,-0.013501926973536804,0.22207205335464797,0.487178458443175,14.198412698412698,2.4991023467961706,货币基金类,其他货币
FXA,货币,其他货币,澳元,澳元，跟随大宗商品，流动性极差,0.0965845949704089,0.033596219244121706,0.47560411734398117,0.7251027698342974,14.198412698412698,1.1041454465340206,货币基金类,其他货币
