,功能大类,功能子类,中文名,说明,站点大类,站点子类,备注
SPY,权益,美股宽基,标普500,美国大盘蓝筹，全池的风险中枢,股权类,发达市场,
QQQ,权益,美股宽基,纳斯达克100,美国科技龙头，与 SPY 高度重叠但更偏成长,股权类,发达市场,
ONEQ,权益,美股宽基,纳斯达克综合,比 QQQ 更宽，含小盘，与 QQQ 几乎同涨同跌,股权类,发达市场,
DIA,权益,美股宽基,道琼斯工业30,30 只老牌工业蓝筹，价格加权，与 SPY 重叠,股权类,发达市场,
IWM,权益,美股宽基,罗素2000 小盘,美国小盘股，弹性大于 SPY,股权类,发达市场,
IWN,权益,美股宽基,罗素2000 小盘价值,小盘里的便宜股，偏金融/工业,股权类,发达市场,
DSI,权益,美股宽基,标普400 社会责任,中盘 ESG 筛选，实质仍是美股中盘,股权类,发达市场,站点归「发达市场」—— 实为美股中盘 ESG，与 SPY/IWM 重叠
VYM,权益,美股宽基,美股高股息,高分红蓝筹，偏防守，利率敏感,股权类,发达市场,
EFA,权益,发达市场,EAFE 发达市场,欧澳远东（不含美国），组合里的非美分散,股权类,发达市场,
VGK,权益,发达市场,欧洲,欧洲整体，与 EFA 高度重叠,股权类,发达市场,
EWG,权益,发达市场,德国,德国 DAX，出口/制造业,股权类,发达市场,
EWU,权益,发达市场,英国,英国富时，偏能源与金融,股权类,发达市场,
EPP,权益,发达市场,亚太除日本,澳洲+香港+新加坡，实为澳港星,股权类,发达市场,
EWJ,权益,发达市场,日本,日本大盘，与日元汇率强相关,股权类,发达市场,
EWY,权益,发达市场,韩国,韩国，实质是三星+海力士的半导体代理,股权类,发达市场,
EWT,权益,发达市场,台湾,台湾，实质是台积电的半导体代理,股权类,发达市场,
EWA,权益,发达市场,澳大利亚,澳洲，银行+矿业，商品货币属性,股权类,发达市场,
EEM,权益,新兴市场,新兴市场整体,新兴市场宽基，与全球风险偏好同步,股权类,新兴市场,
BKF,权益,新兴市场,金砖四国,中巴印俄，成交极清淡，是 EEM 的窄化版,股权类,新兴市场,站点归「新兴市场」—— 成交极清淡（日均不足 20 万美元），实为 EEM 的窄化版
FXI,权益,新兴市场,中国大盘,港股中概大盘，政策敏感,股权类,新兴市场,
EWZ,权益,新兴市场,巴西,巴西，铁矿石+石油，商品属性重,股权类,新兴市场,
INDA,权益,新兴市场,印度,印度，内需驱动，与其它新兴市场相关低,股权类,新兴市场,
XLF,权益,美股行业,金融,银行+保险，利率上行受益,股权类,发达市场,
XLE,权益,美股行业,能源,石油天然气公司，跟随油价,股权类,发达市场,
XLI,权益,美股行业,工业,制造业+运输+军工，周期属性,股权类,发达市场,
XLB,权益,美股行业,材料,化工+金属，跟随工业需求,股权类,发达市场,
XLP,权益,美股行业,必需消费,食品饮料日化，典型防守,股权类,发达市场,
XLY,权益,美股行业,可选消费,零售+汽车+餐饮，典型进攻,股权类,发达市场,
XLC,权益,美股行业,通信,谷歌/Meta/奈飞，实为互联网平台,股权类,发达市场,
XLK,权益,美股行业,科技,软件+硬件+半导体，与 QQQ 高度重叠,股权类,发达市场,
XLV,权益,美股行业,医疗,药企+器械+保险，防守偏成长,股权类,发达市场,
XLU,权益,美股行业,公用事业,电力水务，类债券，利率敏感,股权类,发达市场,
XLRE,权益,美股行业,房地产(标普),REITs，利率敏感，行为夹在股债之间,股权类,发达市场,站点归「股权」—— 但 REITs 是利率敏感资产，行为夹在股债之间
VNQ,权益,美股行业,房地产(全市场),REITs 宽基，与 XLRE 高度重叠,股权类,发达市场,站点归「股权」—— 同 XLRE，且与之高度重叠
XHB,权益,美股行业,住宅建筑,美国建商，利率敏感度全池最高之一,股权类,发达市场,
XBI,权益,美股行业,生物科技,中小型生科，并购预期驱动，波动极高,股权类,发达市场,
XME,权益,资源主题股,金属与矿业,美加矿企，跟随金属价格,股权类,发达市场,站点归「股权/发达市场」—— 实际跟随金属价格
GDX,权益,资源主题股,金矿,金矿股，是黄金的**加杠杆版**,股权类,其他市场,站点归「股权/其他市场」—— 实际是黄金的杠杆代理，不是股票
SIL,权益,资源主题股,银矿,银矿股，白银的高波动代理,股权类,其他市场,站点归「股权/其他市场」—— 实际是白银的杠杆代理
SLX,权益,资源主题股,钢铁,全球钢铁，跟随钢价与基建预期,股权类,其他市场,站点归「股权/其他市场」—— 实际跟随钢价
URA,权益,资源主题股,铀,铀矿+核电，供给端事件驱动,股权类,其他市场,站点归「股权/其他市场」—— 实际是铀价/核电政策代理
MOO,权益,资源主题股,农业,种子+化肥+农机，跟随农产品,股权类,其他市场,站点归「股权/其他市场」—— 实际跟随农产品
IGE,权益,资源主题股,自然资源,油气+矿业宽基，是 XLE 与 XME 的混合,股权类,发达市场,站点归「股权/发达市场」—— 实为 XLE+XME 的混合，非宽基股票
PIO,权益,资源主题股,水,水务公用事业，流动性极差，实为低波防守,股权类,其他市场,
BLOK,权益,科技主题股,区块链/数字支付,交易所+矿企+支付，是比特币的股票代理,股权类,其他市场,
HACK,权益,科技主题股,网络安全,网安软件，与 XLK 同向,股权类,发达市场,
IGF,权益,科技主题股,全球基础设施,收费公路/机场/电网，类债券防守,股权类,其他市场,
MJ,权益,科技主题股,大麻,大麻种植商，监管驱动，波动全池最高档,股权类,其他市场,
ROBO,权益,科技主题股,机器人与自动化,工业自动化，与 XLI 同向,股权类,其他市场,
SOCL,权益,科技主题股,社交媒体,社交平台，与 XLC 高度重叠,股权类,其他市场,
ERTH,权益,科技主题股,环保可持续,绿色主题宽基，流动性全场最差,股权类,其他市场,
PSP,权益,科技主题股,上市私募股权,PE 公司，金融属性重于科技,股权类,其他市场,
PBD,权益,科技主题股,清洁能源,可再生能源宽基，与 TAN/FAN 重叠,股权类,其他市场,
TAN,权益,科技主题股,太阳能,光伏，利率与补贴双敏感,股权类,其他市场,
FAN,权益,科技主题股,风能,风电，流动性与 PBD 同档偏低,股权类,其他市场,
LIT,权益,科技主题股,锂电与电池,锂矿+电池厂，跟随锂价,股权类,其他市场,
REMX,权益,科技主题股,稀土,稀土开采，跟着锂电与供给政策走,股权类,其他市场,
AGG,固收,债宽基,美国综合债券,全市场债券宽基，久期约 6 年,固定收益类,公司债券,
LQD,固收,信用债,投资级公司债,高评级公司债，久期长于 AGG,固定收益类,公司债券,
HYG,固收,信用债,高收益债,垃圾债，行为更像股票而非债券,固定收益类,公司债券,站点归「固收/公司债券」—— 但高收益债行为更像股票，与 LQD 不同类
SHY,固收,国债短,1-3年美债,超短国债，接近现金，全池最稳,固定收益类,国家债券,
IEF,固收,国债中长,7-10年美债,中久期国债，纯利率风险,固定收益类,国家债券,
TLT,固收,国债长,20年+美债,长久期国债，**波动接近股票**，别当避险用,固定收益类,国家债券,站点归「固收/国家债券」—— 但久期 20 年+，波动接近股票，不是避险资产
GLD,商品,贵金属,黄金,无息资产，避险+抗通胀,大宗商品类,贵金属,
SLV,商品,贵金属,白银,白银，工业属性重，波动约黄金 1.5 倍,大宗商品类,贵金属,
USO,商品,能源,原油,WTI 原油期货，展期损耗大,大宗商品类,能源,
UNG,商品,能源,天然气,天然气期货，波动与损耗均为全池极端,大宗商品类,能源,
DBA,商品,农产品,农产品,玉米/大豆/小麦/糖,大宗商品类,农产品,
USCI,商品,商品宽基,商品指数(USCI),多品种商品指数，与 DBC 重叠,大宗商品类,其他商品,
DBC,商品,商品宽基,商品指数(DBC),能源权重约 60%，实质是原油代理,大宗商品类,其他商品,
IBIT,加密,加密,比特币,**站点误归到商品**，实为独立风险源，与股/债/金都低相关,大宗商品类,其他商品,站点归「商品/其他商品」—— 实为加密资产，风险来源与商品无关
UUP,货币,美元,美元(做多),做多美元指数，与风险资产负相关,货币基金类,美元,
UDN,货币,美元,美元(做空),**做空**美元 —— 与 UUP 完全负相关，不能同格等权,货币基金类,美元,站点归「货币/美元」与 UUP 同格 —— 但它是**做空**美元，两者完全负相关
FXY,货币,其他货币,日元,日元，套息交易的反向指标,货币基金类,其他货币,
FXE,货币,其他货币,欧元,欧元，美元指数的最大对手盘,货币基金类,其他货币,
FXB,货币,其他货币,英镑,英镑,货币基金类,其他货币,
FXF,货币,其他货币,瑞郎,瑞郎，传统避险货币,货币基金类,其他货币,
FXC,货币,其他货币,加元,加元，跟随油价,货币基金类,其他货币,
FXA,货币,其他货币,澳元,澳元，跟随大宗商品，流动性极差,货币基金类,其他货币,
